time,X,Y,theta_rad,V,steerFL_deg,steerFR_deg,motorFL,motorFR,motorRL,motorRR,brakeFL,brakeFR,brakeRL,brakeRR,plannerNodes,hasSolution,execCompleted,lateralError,headingError
0,000,4,891,-1,783,0,8029,0,000,0,000,0,000,0,000,0,000,0,000,0,000,0,000,0,000,0,000,0,000,0,0,0,0,000,0,000
0,020,4,891,-1,783,0,8029,0,000,0,000,0,000,0,000,0,000,0,000,0,000,0,000,0,000,0,000,0,000,0,0,0,0,000,0,000
0,040,4,891,-1,783,0,8029,0,000,0,000,0,000,0,000,0,000,0,000,0,000,0,000,0,000,0,000,0,000,0,0,0,0,000,0,000
0,060,4,891,-1,783,0,8029,0,000,0,000,0,000,0,000,0,000,0,000,0,000,0,000,0,000,0,000,0,000,0,0,0,0,000,0,000
0,080,4,891,-1,783,0,8029,0,000,0,000,0,000,0,000,0,000,0,000,0,000,0,000,0,000,0,000,0,000,0,0,0,0,000,0,000
0,100,4,891,-1,783,0,8029,0,000,0,000,0,000,0,000,0,000,0,000,0,000,0,000,0,000,0,000,0,000,0,0,0,0,000,0,000
0,120,4,891,-1,783,0,8029,0,000,0,000,0,000,0,000,0,000,0,000,0,000,0,000,0,000,0,000,0,000,0,0,0,0,000,0,000
0,140,4,891,-1,783,0,8029,0,000,0,000,0,000,0,000,0,000,0,000,0,000,0,000,0,000,0,000,0,000,0,0,0,0,000,0,000
0,160,4,891,-1,783,0,8029,0,000,0,000,0,000,0,000,0,000,0,000,0,000,0,000,0,000,0,000,0,000,0,0,0,0,000,0,000
0,180,4,892,-1,784,0,8029,0,000,0,000,0,000,0,000,0,000,0,000,0,000,0,000,0,000,0,000,0,000,0,0,0,0,000,0,000
0,200,4,892,-1,784,0,8028,0,000,0,000,0,000,0,000,0,000,0,000,0,000,0,000,0,000,0,000,0,000,0,0,0,0,000,0,000
0,220,4,892,-1,784,0,8028,0,000,0,000,0,000,0,000,0,000,0,000,0,000,0,000,0,000,0,000,0,000,0,0,0,0,000,0,000
0,240,4,893,-1,783,0,8028,0,000,0,000,0,000,0,000,0,000,0,000,0,000,0,000,0,000,0,000,0,000,0,0,0,0,000,0,000
0,260,4,893,-1,783,0,8028,0,000,0,000,0,000,0,000,0,000,0,000,0,000,0,000,0,000,0,000,0,000,0,0,0,0,000,0,000
0,280,4,893,-1,783,0,8028,0,000,0,000,0,000,0,000,0,000,0,000,0,000,0,000,0,000,0,000,0,000,0,0,0,0,000,0,000
0,300,4,893,-1,783,0,8028,0,000,0,000,0,000,0,000,0,000,0,000,0,000,0,000,0,000,0,000,0,000,0,0,0,0,000,0,000
0,320,4,894,-1,783,0,8028,0,000,0,000,0,000,0,000,0,000,0,000,0,000,0,000,0,000,0,000,0,000,27,0,0,0,000,0,000
0,340,4,894,-1,783,0,8029,0,000,0,000,0,000,0,000,0,000,0,000,0,000,0,000,0,000,0,000,0,000,27,0,0,0,000,0,000
0,360,4,894,-1,782,0,8029,0,000,0,000,0,000,0,000,0,000,0,000,0,000,0,000,0,000,0,000,0,000,48,0,0,0,000,0,000
0,380,4,894,-1,782,0,8029,0,000,0,000,0,000,0,000,0,000,0,000,0,000,0,000,0,000,0,000,0,000,69,0,0,0,000,0,000
0,400,4,894,-1,782,0,8029,0,000,0,000,0,000,0,000,0,000,0,000,0,000,0,000,0,000,0,000,0,000,69,0,0,0,000,0,000
0,420,4,894,-1,782,0,8029,0,000,0,000,0,000,0,000,0,000,0,000,0,000,0,000,0,000,0,000,0,000,90,0,0,0,000,0,000
0,440,4,894,-1,782,0,8029,0,000,0,000,0,000,0,000,0,000,0,000,0,000,0,000,0,000,0,000,0,000,90,0,0,0,000,0,000
0,460,4,894,-1,782,0,8029,0,000,0,000,0,000,0,000,0,000,0,000,0,000,0,000,0,000,0,000,0,000,112,0,0,0,000,0,000
0,480,4,894,-1,782,0,8029,0,000,0,000,0,000,0,000,0,000,0,000,0,000,0,000,0,000,0,000,0,000,134,0,0,0,000,0,000
0,500,4,894,-1,782,0,8029,0,000,0,000,0,000,0,000,0,000,0,000,0,000,0,000,0,000,0,000,0,000,134,0,0,0,000,0,000
0,520,4,894,-1,783,0,8029,0,000,0,000,0,000,0,000,0,000,0,000,0,000,0,000,0,000,0,000,0,000,159,0,0,0,000,0,000
0,540,4,894,-1,783,0,8029,0,000,0,000,0,000,0,000,0,000,0,000,0,000,0,000,0,000,0,000,0,000,159,0,0,0,000,0,000
0,560,4,894,-1,783,0,8029,0,000,0,000,0,000,0,000,0,000,0,000,0,000,0,000,0,000,0,000,0,000,188,0,0,0,000,0,000
0,580,4,893,-1,783,0,8029,0,000,0,000,0,000,0,000,0,000,0,000,0,000,0,000,0,000,0,000,0,000,188,0,0,0,000,0,000
0,600,4,893,-1,783,0,8029,0,000,0,000,0,000,0,000,0,000,0,000,0,000,0,000,0,000,0,000,0,000,212,0,0,0,000,0,000
0,620,4,893,-1,783,0,8029,0,000,0,000,0,000,0,000,0,000,0,000,0,000,0,000,0,000,0,000,0,000,237,0,0,0,000,0,000
0,640,4,893,-1,784,0,8029,0,000,0,000,0,000,0,000,0,000,0,000,0,000,0,000,0,000,0,000,0,000,237,0,0,0,000,0,000
0,660,4,893,-1,784,0,8029,0,000,0,000,0,000,0,000,0,000,0,000,0,000,0,000,0,000,0,000,0,000,257,0,0,0,000,0,000
0,680,4,893,-1,784,0,8029,0,000,0,000,0,000,0,000,0,000,0,000,0,000,0,000,0,000,0,000,0,000,257,0,0,0,000,0,000
0,700,4,893,-1,784,0,8029,0,000,0,000,0,000,0,000,0,000,0,000,0,000,0,000,0,000,0,000,0,000,278,0,0,0,000,0,000
0,720,4,893,-1,784,0,8029,0,000,0,000,0,000,0,000,0,000,0,000,0,000,0,000,0,000,0,000,0,000,304,0,0,0,000,0,000
0,740,4,893,-1,784,0,8029,0,000,0,000,0,000,0,000,0,000,0,000,0,000,0,000,0,000,0,000,0,000,304,0,0,0,000,0,000
0,760,4,893,-1,784,0,8029,0,000,0,000,0,000,0,000,0,000,0,000,0,000,0,000,0,000,0,000,0,000,324,0,0,0,000,0,000
0,780,4,893,-1,784,0,8029,0,000,0,000,0,000,0,000,0,000,0,000,0,000,0,000,0,000,0,000,0,000,324,0,0,0,000,0,000
0,800,4,893,-1,784,0,8029,0,000,0,000,0,000,0,000,0,000,0,000,0,000,0,000,0,000,0,000,0,000,349,0,0,0,000,0,000
0,820,4,892,-1,784,0,8029,0,000,0,000,0,000,0,000,0,000,0,000,0,000,0,000,0,000,0,000,0,000,375,0,0,0,000,0,000
0,840,4,892,-1,784,0,8029,0,000,0,000,0,000,0,000,0,000,0,000,0,000,0,000,0,000,0,000,0,000,375,0,0,0,000,0,000
0,860,4,892,-1,784,0,8029,0,000,0,000,0,000,0,000,0,000,0,000,0,000,0,000,0,000,0,000,0,000,397,0,0,0,000,0,000
0,880,4,892,-1,784,0,8029,0,000,0,000,0,000,0,000,0,000,0,000,0,000,0,000,0,000,0,000,0,000,397,0,0,0,000,0,000
0,900,4,892,-1,784,0,8029,0,000,0,000,0,000,0,000,0,000,0,000,0,000,0,000,0,000,0,000,0,000,421,0,0,0,000,0,000
0,920,4,892,-1,784,0,8029,0,000,0,000,0,000,0,000,0,000,0,000,0,000,0,000,0,000,0,000,0,000,421,0,0,0,000,0,000
0,940,4,892,-1,784,0,8029,0,000,0,000,0,000,0,000,0,000,0,000,0,000,0,000,0,000,0,000,0,000,445,0,0,0,000,0,000
0,960,4,892,-1,784,0,8029,0,000,0,000,0,000,0,000,0,000,0,000,0,000,0,000,0,000,0,000,0,000,470,0,0,0,000,0,000
0,980,4,892,-1,784,0,8029,0,000,0,000,0,000,0,000,0,000,0,000,0,000,0,000,0,000,0,000,0,000,470,0,0,0,000,0,000
1,000,4,892,-1,784,0,8029,0,000,0,000,0,000,0,000,0,000,0,000,0,000,0,000,0,000,0,000,0,000,493,0,0,0,000,0,000
1,020,4,892,-1,784,0,8029,0,000,0,000,0,000,0,000,0,000,0,000,0,000,0,000,0,000,0,000,0,000,493,0,0,0,000,0,000
1,040,4,892,-1,784,0,8029,0,000,0,000,0,000,0,000,0,000,0,000,0,000,0,000,0,000,0,000,0,000,514,0,0,0,000,0,000
1,060,4,892,-1,784,0,8029,0,000,0,000,0,000,0,000,0,000,0,000,0,000,0,000,0,000,0,000,0,000,537,0,0,0,000,0,000
1,080,4,892,-1,784,0,8029,0,000,0,000,0,000,0,000,0,000,0,000,0,000,0,000,0,000,0,000,0,000,537,0,0,0,000,0,000
1,100,4,892,-1,784,0,8029,0,000,0,000,0,000,0,000,0,000,0,000,0,000,0,000,0,000,0,000,0,000,560,0,0,0,000,0,000
1,120,4,892,-1,784,0,8029,0,000,0,000,0,000,0,000,0,000,0,000,0,000,0,000,0,000,0,000,0,000,560,0,0,0,000,0,000
1,140,4,892,-1,784,0,8029,0,000,0,000,0,000,0,000,0,000,0,000,0,000,0,000,0,000,0,000,0,000,576,0,0,0,000,0,000
1,160,4,892,-1,784,0,8029,0,000,0,000,0,000,0,000,0,000,0,000,0,000,0,000,0,000,0,000,0,000,597,0,0,0,000,0,000
1,180,4,892,-1,784,0,8029,0,000,0,000,0,000,0,000,0,000,0,000,0,000,0,000,0,000,0,000,0,000,597,0,0,0,000,0,000
1,200,4,892,-1,784,0,8029,0,000,0,000,0,000,0,000,0,000,0,000,0,000,0,000,0,000,0,000,0,000,615,0,0,0,000,0,000
1,220,4,892,-1,784,0,8029,0,000,0,000,0,000,0,000,0,000,0,000,0,000,0,000,0,000,0,000,0,000,639,0,0,0,000,0,000
1,240,4,892,-1,784,0,8029,0,000,0,000,0,000,0,000,0,000,0,000,0,000,0,000,0,000,0,000,0,000,639,0,0,0,000,0,000
1,260,4,892,-1,784,0,8029,0,000,0,000,0,000,0,000,0,000,0,000,0,000,0,000,0,000,0,000,0,000,662,0,0,0,000,0,000
1,280,4,892,-1,784,0,8029,0,000,0,000,0,000,0,000,0,000,0,000,0,000,0,000,0,000,0,000,0,000,662,0,0,0,000,0,000
1,300,4,892,-1,784,0,8029,0,000,0,000,0,000,0,000,0,000,0,000,0,000,0,000,0,000,0,000,0,000,685,0,0,0,000,0,000
1,320,4,892,-1,784,0,8029,0,000,0,000,0,000,0,000,0,000,0,000,0,000,0,000,0,000,0,000,0,000,706,0,0,0,000,0,000
1,340,4,892,-1,784,0,8029,0,000,0,000,0,000,0,000,0,000,0,000,0,000,0,000,0,000,0,000,0,000,706,0,0,0,000,0,000
1,360,4,892,-1,784,0,8029,0,000,0,000,0,000,0,000,0,000,0,000,0,000,0,000,0,000,0,000,0,000,726,0,0,0,000,0,000
1,380,4,892,-1,784,0,8029,0,000,0,000,0,000,0,000,0,000,0,000,0,000,0,000,0,000,0,000,0,000,726,0,0,0,000,0,000
1,400,4,892,-1,784,0,8029,0,000,0,000,0,000,0,000,0,000,0,000,0,000,0,000,0,000,0,000,0,000,751,0,0,0,000,0,000
1,420,4,892,-1,784,0,8029,0,000,0,000,0,000,0,000,0,000,0,000,0,000,0,000,0,000,0,000,0,000,771,0,0,0,000,0,000
1,440,4,892,-1,784,0,8029,0,000,0,000,0,000,0,000,0,000,0,000,0,000,0,000,0,000,0,000,0,000,771,0,0,0,000,0,000
1,460,4,892,-1,784,0,8029,0,000,0,000,0,000,0,000,0,000,0,000,0,000,0,000,0,000,0,000,0,000,790,0,0,0,000,0,000
1,480,4,892,-1,784,0,8029,0,000,0,000,0,000,0,000,0,000,0,000,0,000,0,000,0,000,0,000,0,000,809,0,0,0,000,0,000
1,500,4,892,-1,784,0,8029,0,000,0,000,0,000,0,000,0,000,0,000,0,000,0,000,0,000,0,000,0,000,809,0,0,0,000,0,000
1,520,4,892,-1,784,0,8029,0,000,0,000,0,000,0,000,0,000,0,000,0,000,0,000,0,000,0,000,0,000,830,0,0,0,000,0,000
1,540,4,892,-1,784,0,8029,0,000,0,000,0,000,0,000,0,000,0,000,0,000,0,000,0,000,0,000,0,000,830,0,0,0,000,0,000
1,560,4,892,-1,784,0,8029,0,000,0,000,0,000,0,000,0,000,0,000,0,000,0,000,0,000,0,000,0,000,852,0,0,0,000,0,000
1,580,4,892,-1,784,0,8029,0,000,0,000,0,000,0,000,0,000,0,000,0,000,0,000,0,000,0,000,0,000,871,0,0,0,000,0,000
1,600,4,892,-1,784,0,8029,0,000,0,000,0,000,0,000,0,000,0,000,0,000,0,000,0,000,0,000,0,000,871,0,0,0,000,0,000
1,620,4,892,-1,784,0,8029,0,000,0,000,0,000,0,000,0,000,0,000,0,000,0,000,0,000,0,000,0,000,892,0,0,0,000,0,000
1,640,4,892,-1,784,0,8029,0,000,0,000,0,000,0,000,0,000,0,000,0,000,0,000,0,000,0,000,0,000,912,0,0,0,000,0,000
1,660,4,892,-1,784,0,8029,0,000,0,000,0,000,0,000,0,000,0,000,0,000,0,000,0,000,0,000,0,000,912,0,0,0,000,0,000
1,680,4,892,-1,784,0,8029,0,000,0,000,0,000,0,000,0,000,0,000,0,000,0,000,0,000,0,000,0,000,929,0,0,0,000,0,000
1,700,4,892,-1,784,0,8029,0,000,0,000,0,000,0,000,0,000,0,000,0,000,0,000,0,000,0,000,0,000,946,0,0,0,000,0,000
1,720,4,892,-1,784,0,8029,0,000,0,000,0,000,0,000,0,000,0,000,0,000,0,000,0,000,0,000,0,000,946,0,0,0,000,0,000
1,740,4,892,-1,784,0,8029,0,000,0,000,0,000,0,000,0,000,0,000,0,000,0,000,0,000,0,000,0,000,967,0,0,0,000,0,000
1,760,4,892,-1,784,0,8029,0,000,0,000,0,000,0,000,0,000,0,000,0,000,0,000,0,000,0,000,0,000,988,0,0,0,000,0,000
1,780,4,892,-1,784,0,8029,0,000,0,000,0,000,0,000,0,000,0,000,0,000,0,000,0,000,0,000,0,000,988,0,0,0,000,0,000
1,800,4,892,-1,784,0,8029,0,000,0,000,0,000,0,000,0,000,0,000,0,000,0,000,0,000,0,000,0,000,1010,0,0,0,000,0,000
1,820,4,892,-1,784,0,8029,0,000,0,000,0,000,0,000,0,000,0,000,0,000,0,000,0,000,0,000,0,000,1010,0,0,0,000,0,000
1,840,4,892,-1,784,0,8029,0,000,0,000,0,000,0,000,0,000,0,000,0,000,0,000,0,000,0,000,0,000,1034,0,0,0,000,0,000
1,860,4,892,-1,784,0,8029,0,000,0,000,0,000,0,000,0,000,0,000,0,000,0,000,0,000,0,000,0,000,1034,0,0,0,000,0,000
1,880,4,892,-1,784,0,8029,0,000,0,000,0,000,0,000,0,000,0,000,0,000,0,000,0,000,0,000,0,000,1052,0,0,0,000,0,000
1,900,4,892,-1,784,0,8029,0,000,0,000,0,000,0,000,0,000,0,000,0,000,0,000,0,000,0,000,0,000,1073,0,0,0,000,0,000
1,920,4,892,-1,784,0,8029,0,000,0,000,0,000,0,000,0,000,0,000,0,000,0,000,0,000,0,000,0,000,1073,0,0,0,000,0,000
1,940,4,892,-1,784,0,8029,0,000,0,000,0,000,0,000,0,000,0,000,0,000,0,000,0,000,0,000,0,000,1094,0,0,0,000,0,000
1,960,4,892,-1,784,0,8029,0,000,0,000,0,000,0,000,0,000,0,000,0,000,0,000,0,000,0,000,0,000,1114,0,0,0,000,0,000
1,980,4,892,-1,784,0,8029,0,000,0,000,0,000,0,000,0,000,0,000,0,000,0,000,0,000,0,000,0,000,1114,0,0,0,000,0,000
2,000,4,892,-1,784,0,8029,0,000,0,000,0,000,0,000,0,000,0,000,0,000,0,000,0,000,0,000,0,000,1132,0,0,0,000,0,000
2,020,4,892,-1,784,0,8029,0,000,0,000,0,000,0,000,0,000,0,000,0,000,0,000,0,000,0,000,0,000,1132,0,0,0,000,0,000
2,040,4,892,-1,784,0,8029,0,000,0,000,0,000,0,000,0,000,0,000,0,000,0,000,0,000,0,000,0,000,1155,0,0,0,000,0,000
2,060,4,892,-1,784,0,8029,0,000,0,000,0,000,0,000,0,000,0,000,0,000,0,000,0,000,0,000,0,000,1155,0,0,0,000,0,000
2,080,4,892,-1,784,0,8029,0,000,0,000,0,000,0,000,0,000,0,000,0,000,0,000,0,000,0,000,0,000,1178,0,0,0,000,0,000
2,100,4,892,-1,784,0,8029,0,000,0,000,0,000,0,000,0,000,0,000,0,000,0,000,0,000,0,000,0,000,1200,0,0,0,000,0,000
2,120,4,892,-1,784,0,8029,0,000,0,000,0,000,0,000,0,000,0,000,0,000,0,000,0,000,0,000,0,000,1200,0,0,0,000,0,000
2,140,4,892,-1,784,0,8029,0,000,0,000,0,000,0,000,0,000,0,000,0,000,0,000,0,000,0,000,0,000,1222,0,0,0,000,0,000
2,160,4,892,-1,784,0,8029,0,000,0,000,0,000,0,000,0,000,0,000,0,000,0,000,0,000,0,000,0,000,1222,0,0,0,000,0,000
2,180,4,892,-1,784,0,8029,0,000,0,000,0,000,0,000,0,000,0,000,0,000,0,000,0,000,0,000,0,000,1243,0,0,0,000,0,000
2,200,4,892,-1,784,0,8029,0,000,0,000,0,000,0,000,0,000,0,000,0,000,0,000,0,000,0,000,0,000,1270,0,0,0,000,0,000
2,220,4,892,-1,784,0,8029,0,000,0,000,0,000,0,000,0,000,0,000,0,000,0,000,0,000,0,000,0,000,1270,0,0,0,000,0,000
2,240,4,892,-1,784,0,8029,0,000,0,000,0,000,0,000,0,000,0,000,0,000,0,000,0,000,0,000,0,000,1291,0,0,0,000,0,000
2,260,4,892,-1,784,0,8029,0,000,0,000,0,000,0,000,0,000,0,000,0,000,0,000,0,000,0,000,0,000,1291,0,0,0,000,0,000
2,280,4,892,-1,784,0,8029,0,000,0,000,0,000,0,000,0,000,0,000,0,000,0,000,0,000,0,000,0,000,1311,0,0,0,000,0,000
2,300,4,892,-1,784,0,8029,0,000,0,000,0,000,0,000,0,000,0,000,0,000,0,000,0,000,0,000,0,000,1311,0,0,0,000,0,000
2,320,4,892,-1,784,0,8029,0,000,0,000,0,000,0,000,0,000,0,000,0,000,0,000,0,000,0,000,0,000,1334,0,0,0,000,0,000
2,340,4,892,-1,784,0,8029,0,000,0,000,0,000,0,000,0,000,0,000,0,000,0,000,0,000,0,000,0,000,1334,0,0,0,000,0,000
2,360,4,892,-1,784,0,8029,0,000,0,000,0,000,0,000,0,000,0,000,0,000,0,000,0,000,0,000,0,000,1358,0,0,0,000,0,000
2,380,4,892,-1,784,0,8029,0,000,0,000,0,000,0,000,0,000,0,000,0,000,0,000,0,000,0,000,0,000,1373,0,0,0,000,0,000
2,400,4,892,-1,784,0,8029,0,000,0,000,0,000,0,000,0,000,0,000,0,000,0,000,0,000,0,000,0,000,1373,0,0,0,000,0,000
2,420,4,892,-1,784,0,8029,0,000,0,000,0,000,0,000,0,000,0,000,0,000,0,000,0,000,0,000,0,000,1389,0,0,0,000,0,000
2,440,4,892,-1,784,0,8029,0,000,0,000,0,000,0,000,0,000,0,000,0,000,0,000,0,000,0,000,0,000,1389,0,0,0,000,0,000
2,460,4,892,-1,784,0,8029,0,000,0,000,0,000,0,000,0,000,0,000,0,000,0,000,0,000,0,000,0,000,1411,0,0,0,000,0,000
2,480,4,892,-1,784,0,8029,0,000,0,000,0,000,0,000,0,000,0,000,0,000,0,000,0,000,0,000,0,000,1430,0,0,0,000,0,000
2,500,4,892,-1,784,0,8029,0,000,0,000,0,000,0,000,0,000,0,000,0,000,0,000,0,000,0,000,0,000,1430,0,0,0,000,0,000
2,520,4,892,-1,784,0,8029,0,000,0,000,0,000,0,000,0,000,0,000,0,000,0,000,0,000,0,000,0,000,1455,0,0,0,000,0,000
2,540,4,892,-1,784,0,8029,0,000,0,000,0,000,0,000,0,000,0,000,0,000,0,000,0,000,0,000,0,000,1455,0,0,0,000,0,000
2,560,4,892,-1,784,0,8029,0,000,0,000,0,000,0,000,0,000,0,000,0,000,0,000,0,000,0,000,0,000,1477,0,0,0,000,0,000
2,580,4,892,-1,784,0,8029,0,000,0,000,0,000,0,000,0,000,0,000,0,000,0,000,0,000,0,000,0,000,1477,0,0,0,000,0,000
2,600,4,892,-1,784,0,8029,0,000,0,000,0,000,0,000,0,000,0,000,0,000,0,000,0,000,0,000,0,000,1502,0,0,0,000,0,000
2,620,4,892,-1,784,0,8029,0,000,0,000,0,000,0,000,0,000,0,000,0,000,0,000,0,000,0,000,0,000,1526,0,0,0,000,0,000
2,640,4,892,-1,784,0,8029,0,000,0,000,0,000,0,000,0,000,0,000,0,000,0,000,0,000,0,000,0,000,1526,0,0,0,000,0,000
2,660,4,892,-1,784,0,8029,0,000,0,000,0,000,0,000,0,000,0,000,0,000,0,000,0,000,0,000,0,000,1550,0,0,0,000,0,000
2,680,4,892,-1,784,0,8029,0,000,0,000,0,000,0,000,0,000,0,000,0,000,0,000,0,000,0,000,0,000,1550,0,0,0,000,0,000
2,700,4,892,-1,784,0,8029,0,000,0,000,0,000,0,000,0,000,0,000,0,000,0,000,0,000,0,000,0,000,1569,0,0,0,000,0,000
2,720,4,892,-1,784,0,8029,0,000,0,000,0,000,0,000,0,000,0,000,0,000,0,000,0,000,0,000,0,000,1593,0,0,0,000,0,000
2,740,4,892,-1,784,0,8029,0,000,0,000,0,000,0,000,0,000,0,000,0,000,0,000,0,000,0,000,0,000,1593,0,0,0,000,0,000
2,760,4,892,-1,784,0,8029,0,000,0,000,0,000,0,000,0,000,0,000,0,000,0,000,0,000,0,000,0,000,1617,0,0,0,000,0,000
2,780,4,892,-1,784,0,8029,0,000,0,000,0,000,0,000,0,000,0,000,0,000,0,000,0,000,0,000,0,000,1617,0,0,0,000,0,000
2,800,4,892,-1,784,0,8029,0,000,0,000,0,000,0,000,0,000,0,000,0,000,0,000,0,000,0,000,0,000,1638,0,0,0,000,0,000
2,820,4,892,-1,784,0,8029,0,000,0,000,0,000,0,000,0,000,0,000,0,000,0,000,0,000,0,000,0,000,1657,0,0,0,000,0,000
2,840,4,892,-1,784,0,8029,0,000,0,000,0,000,0,000,0,000,0,000,0,000,0,000,0,000,0,000,0,000,1657,0,0,0,000,0,000
2,860,4,892,-1,784,0,8029,0,000,0,000,0,000,0,000,0,000,0,000,0,000,0,000,0,000,0,000,0,000,1675,0,0,0,000,0,000
2,880,4,892,-1,784,0,8029,0,000,0,000,0,000,0,000,0,000,0,000,0,000,0,000,0,000,0,000,0,000,1675,0,0,0,000,0,000
2,900,4,892,-1,784,0,8029,0,000,0,000,0,000,0,000,0,000,0,000,0,000,0,000,0,000,0,000,0,000,1699,0,0,0,000,0,000
2,920,4,892,-1,784,0,8029,0,000,0,000,0,000,0,000,0,000,0,000,0,000,0,000,0,000,0,000,0,000,1699,0,0,0,000,0,000
2,940,4,892,-1,784,0,8029,0,000,0,000,0,000,0,000,0,000,0,000,0,000,0,000,0,000,0,000,0,000,1722,0,0,0,000,0,000
2,960,4,892,-1,784,0,8029,0,000,0,000,0,000,0,000,0,000,0,000,0,000,0,000,0,000,0,000,0,000,1744,0,0,0,000,0,000
2,980,4,892,-1,784,0,8029,0,000,0,000,0,000,0,000,0,000,0,000,0,000,0,000,0,000,0,000,0,000,1744,0,0,0,000,0,000
3,000,4,892,-1,784,0,8029,0,000,0,000,0,000,0,000,0,000,0,000,0,000,0,000,0,000,0,000,0,000,1762,0,0,0,000,0,000
3,020,4,892,-1,784,0,8029,0,000,0,000,0,000,0,000,0,000,0,000,0,000,0,000,0,000,0,000,0,000,1784,0,0,0,000,0,000
3,040,4,892,-1,784,0,8029,0,000,0,000,0,000,0,000,0,000,0,000,0,000,0,000,0,000,0,000,0,000,1784,0,0,0,000,0,000
3,060,4,892,-1,784,0,8029,0,000,0,000,0,000,0,000,0,000,0,000,0,000,0,000,0,000,0,000,0,000,1804,0,0,0,000,0,000
3,080,4,892,-1,784,0,8029,0,000,0,000,0,000,0,000,0,000,0,000,0,000,0,000,0,000,0,000,0,000,1804,0,0,0,000,0,000
3,100,4,892,-1,784,0,8029,0,000,0,000,0,000,0,000,0,000,0,000,0,000,0,000,0,000,0,000,0,000,1826,0,0,0,000,0,000
3,120,4,892,-1,784,0,8029,0,000,0,000,0,000,0,000,0,000,0,000,0,000,0,000,0,000,0,000,0,000,1849,0,0,0,000,0,000
3,140,4,892,-1,784,0,8029,0,000,0,000,0,000,0,000,0,000,0,000,0,000,0,000,0,000,0,000,0,000,1849,0,0,0,000,0,000
3,160,4,892,-1,784,0,8029,0,000,0,000,0,000,0,000,0,000,0,000,0,000,0,000,0,000,0,000,0,000,1869,0,0,0,000,0,000
3,180,4,892,-1,784,0,8029,0,000,0,000,0,000,0,000,0,000,0,000,0,000,0,000,0,000,0,000,0,000,1869,0,0,0,000,0,000
3,200,4,892,-1,784,0,8029,0,000,0,000,0,000,0,000,0,000,0,000,0,000,0,000,0,000,0,000,0,000,1892,0,0,0,000,0,000
3,220,4,892,-1,784,0,8029,0,000,0,000,0,000,0,000,0,000,0,000,0,000,0,000,0,000,0,000,0,000,1892,0,0,0,000,0,000
3,240,4,892,-1,784,0,8029,0,000,0,000,0,000,0,000,0,000,0,000,0,000,0,000,0,000,0,000,0,000,1915,0,0,0,000,0,000
3,260,4,892,-1,784,0,8029,0,000,0,000,0,000,0,000,0,000,0,000,0,000,0,000,0,000,0,000,0,000,1915,0,0,0,000,0,000
3,280,4,892,-1,784,0,8029,0,000,0,000,0,000,0,000,0,000,0,000,0,000,0,000,0,000,0,000,0,000,1936,0,0,0,000,0,000
3,300,4,892,-1,784,0,8029,0,000,0,000,0,000,0,000,0,000,0,000,0,000,0,000,0,000,0,000,0,000,1959,0,0,0,000,0,000
3,320,4,892,-1,784,0,8029,0,000,0,000,0,000,0,000,0,000,0,000,0,000,0,000,0,000,0,000,0,000,1959,0,0,0,000,0,000
3,340,4,892,-1,784,0,8029,0,000,0,000,0,000,0,000,0,000,0,000,0,000,0,000,0,000,0,000,0,000,1984,0,0,0,000,0,000
3,360,4,892,-1,784,0,8029,0,000,0,000,0,000,0,000,0,000,0,000,0,000,0,000,0,000,0,000,0,000,1984,0,0,0,000,0,000
3,380,4,892,-1,784,0,8029,0,000,0,000,0,000,0,000,0,000,0,000,0,000,0,000,0,000,0,000,0,000,2007,0,0,0,000,0,000
3,400,4,892,-1,784,0,8029,0,000,0,000,0,000,0,000,0,000,0,000,0,000,0,000,0,000,0,000,0,000,2007,0,0,0,000,0,000
3,420,4,892,-1,784,0,8029,0,000,0,000,0,000,0,000,0,000,0,000,0,000,0,000,0,000,0,000,0,000,2027,0,0,0,000,0,000
3,440,4,892,-1,784,0,8029,0,000,0,000,0,000,0,000,0,000,0,000,0,000,0,000,0,000,0,000,0,000,2027,0,0,0,000,0,000
3,460,4,892,-1,784,0,8029,0,000,0,000,0,000,0,000,0,000,0,000,0,000,0,000,0,000,0,000,0,000,2043,0,0,0,000,0,000
3,480,4,892,-1,784,0,8029,0,000,0,000,0,000,0,000,0,000,0,000,0,000,0,000,0,000,0,000,0,000,2064,0,0,0,000,0,000
3,500,4,892,-1,784,0,8029,0,000,0,000,0,000,0,000,0,000,0,000,0,000,0,000,0,000,0,000,0,000,2064,0,0,0,000,0,000
3,520,4,892,-1,784,0,8029,0,000,0,000,0,000,0,000,0,000,0,000,0,000,0,000,0,000,0,000,0,000,2083,0,0,0,000,0,000
3,540,4,892,-1,784,0,8029,0,000,0,000,0,000,0,000,0,000,0,000,0,000,0,000,0,000,0,000,0,000,2083,0,0,0,000,0,000
3,560,4,892,-1,784,0,8029,0,000,0,000,0,000,0,000,0,000,0,000,0,000,0,000,0,000,0,000,0,000,2102,0,0,0,000,0,000
3,580,4,892,-1,784,0,8029,0,000,0,000,0,000,0,000,0,000,0,000,0,000,0,000,0,000,0,000,0,000,2123,0,0,0,000,0,000
3,600,4,892,-1,784,0,8029,0,000,0,000,0,000,0,000,0,000,0,000,0,000,0,000,0,000,0,000,0,000,2123,0,0,0,000,0,000
3,620,4,892,-1,784,0,8029,0,000,0,000,0,000,0,000,0,000,0,000,0,000,0,000,0,000,0,000,0,000,2144,0,0,0,000,0,000
3,640,4,892,-1,784,0,8029,0,000,0,000,0,000,0,000,0,000,0,000,0,000,0,000,0,000,0,000,0,000,2144,0,0,0,000,0,000
3,660,4,892,-1,784,0,8029,0,000,0,000,0,000,0,000,0,000,0,000,0,000,0,000,0,000,0,000,0,000,2160,0,0,0,000,0,000
3,680,4,892,-1,784,0,8029,0,000,0,000,0,000,0,000,0,000,0,000,0,000,0,000,0,000,0,000,0,000,2181,0,0,0,000,0,000
3,700,4,892,-1,784,0,8029,0,000,0,000,0,000,0,000,0,000,0,000,0,000,0,000,0,000,0,000,0,000,2181,0,0,0,000,0,000
3,720,4,892,-1,784,0,8029,0,000,0,000,0,000,0,000,0,000,0,000,0,000,0,000,0,000,0,000,0,000,2206,0,0,0,000,0,000
3,740,4,892,-1,784,0,8029,0,000,0,000,0,000,0,000,0,000,0,000,0,000,0,000,0,000,0,000,0,000,2206,0,0,0,000,0,000
3,760,4,892,-1,784,0,8029,0,000,0,000,0,000,0,000,0,000,0,000,0,000,0,000,0,000,0,000,0,000,2227,0,0,0,000,0,000
3,780,4,892,-1,784,0,8029,0,000,0,000,0,000,0,000,0,000,0,000,0,000,0,000,0,000,0,000,0,000,2227,0,0,0,000,0,000
3,800,4,892,-1,784,0,8029,0,000,0,000,0,000,0,000,0,000,0,000,0,000,0,000,0,000,0,000,0,000,2247,0,0,0,000,0,000
3,820,4,892,-1,784,0,8029,0,000,0,000,0,000,0,000,0,000,0,000,0,000,0,000,0,000,0,000,0,000,2247,0,0,0,000,0,000
3,840,4,892,-1,784,0,8029,0,000,0,000,0,000,0,000,0,000,0,000,0,000,0,000,0,000,0,000,0,000,2267,0,0,0,000,0,000
3,860,4,892,-1,784,0,8029,0,000,0,000,0,000,0,000,0,000,0,000,0,000,0,000,0,000,0,000,0,000,2291,0,0,0,000,0,000
3,880,4,892,-1,784,0,8029,0,000,0,000,0,000,0,000,0,000,0,000,0,000,0,000,0,000,0,000,0,000,2291,0,0,0,000,0,000
3,900,4,892,-1,784,0,8029,0,000,0,000,0,000,0,000,0,000,0,000,0,000,0,000,0,000,0,000,0,000,2311,0,0,0,000,0,000
3,920,4,892,-1,784,0,8029,0,000,0,000,0,000,0,000,0,000,0,000,0,000,0,000,0,000,0,000,0,000,2311,0,0,0,000,0,000
3,940,4,892,-1,784,0,8029,0,000,0,000,0,000,0,000,0,000,0,000,0,000,0,000,0,000,0,000,0,000,2333,0,0,0,000,0,000
3,960,4,892,-1,784,0,8029,0,000,0,000,0,000,0,000,0,000,0,000,0,000,0,000,0,000,0,000,0,000,2357,0,0,0,000,0,000
3,980,4,892,-1,784,0,8029,0,000,0,000,0,000,0,000,0,000,0,000,0,000,0,000,0,000,0,000,0,000,2357,0,0,0,000,0,000
4,000,4,892,-1,784,0,8029,0,000,0,000,0,000,0,000,0,000,0,000,0,000,0,000,0,000,0,000,0,000,2378,0,0,0,000,0,000
4,020,4,892,-1,784,0,8029,0,000,0,000,0,000,0,000,0,000,0,000,0,000,0,000,0,000,0,000,0,000,2378,0,0,0,000,0,000
4,040,4,892,-1,784,0,8029,0,000,0,000,0,000,0,000,0,000,0,000,0,000,0,000,0,000,0,000,0,000,2398,0,0,0,000,0,000
4,060,4,892,-1,784,0,8029,0,000,0,000,0,000,0,000,0,000,0,000,0,000,0,000,0,000,0,000,0,000,2398,0,0,0,000,0,000
4,080,4,892,-1,784,0,8029,0,000,0,000,0,000,0,000,0,000,0,000,0,000,0,000,0,000,0,000,0,000,2419,0,0,0,000,0,000
4,100,4,892,-1,784,0,8029,0,000,0,000,0,000,0,000,0,000,0,000,0,000,0,000,0,000,0,000,0,000,2419,0,0,0,000,0,000
4,120,4,892,-1,784,0,8029,0,000,0,000,0,000,0,000,0,000,0,000,0,000,0,000,0,000,0,000,0,000,2440,0,0,0,000,0,000
4,140,4,892,-1,784,0,8029,0,000,0,000,0,000,0,000,0,000,0,000,0,000,0,000,0,000,0,000,0,000,2458,0,0,0,000,0,000
4,160,4,892,-1,784,0,8029,0,000,0,000,0,000,0,000,0,000,0,000,0,000,0,000,0,000,0,000,0,000,2458,0,0,0,000,0,000
4,180,4,892,-1,784,0,8029,0,000,0,000,0,000,0,000,0,000,0,000,0,000,0,000,0,000,0,000,0,000,2479,0,0,0,000,0,000
4,200,4,892,-1,784,0,8029,0,000,0,000,0,000,0,000,0,000,0,000,0,000,0,000,0,000,0,000,0,000,2479,0,0,0,000,0,000
4,220,4,892,-1,784,0,8029,0,000,0,000,0,000,0,000,0,000,0,000,0,000,0,000,0,000,0,000,0,000,2499,0,0,0,000,0,000
4,240,4,892,-1,784,0,8029,0,000,0,000,0,000,0,000,0,000,0,000,0,000,0,000,0,000,0,000,0,000,2499,0,0,0,000,0,000
4,260,4,892,-1,784,0,8029,0,000,0,000,0,000,0,000,0,000,0,000,0,000,0,000,0,000,0,000,0,000,2522,0,0,0,000,0,000
4,280,4,892,-1,784,0,8029,0,000,0,000,0,000,0,000,0,000,0,000,0,000,0,000,0,000,0,000,0,000,2543,0,0,0,000,0,000
4,300,4,892,-1,784,0,8029,0,000,0,000,0,000,0,000,0,000,0,000,0,000,0,000,0,000,0,000,0,000,2543,0,0,0,000,0,000
4,320,4,892,-1,784,0,8029,0,000,0,000,0,000,0,000,0,000,0,000,0,000,0,000,0,000,0,000,0,000,2568,0,0,0,000,0,000
4,340,4,892,-1,784,0,8029,0,000,0,000,0,000,0,000,0,000,0,000,0,000,0,000,0,000,0,000,0,000,2568,0,0,0,000,0,000
4,360,4,892,-1,784,0,8029,0,000,0,000,0,000,0,000,0,000,0,000,0,000,0,000,0,000,0,000,0,000,2588,0,0,0,000,0,000
4,380,4,892,-1,784,0,8029,0,000,0,000,0,000,0,000,0,000,0,000,0,000,0,000,0,000,0,000,0,000,2588,0,0,0,000,0,000
4,400,4,892,-1,784,0,8029,0,000,0,000,0,000,0,000,0,000,0,000,0,000,0,000,0,000,0,000,0,000,2608,0,0,0,000,0,000
4,420,4,892,-1,784,0,8029,0,000,0,000,0,000,0,000,0,000,0,000,0,000,0,000,0,000,0,000,0,000,2632,0,0,0,000,0,000
4,440,4,892,-1,784,0,8029,0,000,0,000,0,000,0,000,0,000,0,000,0,000,0,000,0,000,0,000,0,000,2632,0,0,0,000,0,000
4,460,4,892,-1,784,0,8029,0,000,0,000,0,000,0,000,0,000,0,000,0,000,0,000,0,000,0,000,0,000,2658,0,0,0,000,0,000
4,480,4,892,-1,784,0,8029,0,000,0,000,0,000,0,000,0,000,0,000,0,000,0,000,0,000,0,000,0,000,2658,0,0,0,000,0,000
4,500,4,892,-1,784,0,8029,0,000,0,000,0,000,0,000,0,000,0,000,0,000,0,000,0,000,0,000,0,000,2681,0,0,0,000,0,000
4,520,4,892,-1,784,0,8029,0,000,0,000,0,000,0,000,0,000,0,000,0,000,0,000,0,000,0,000,0,000,2681,0,0,0,000,0,000
4,540,4,892,-1,784,0,8029,0,000,0,000,0,000,0,000,0,000,0,000,0,000,0,000,0,000,0,000,0,000,2704,0,0,0,000,0,000
4,560,4,892,-1,784,0,8029,0,000,0,000,0,000,0,000,0,000,0,000,0,000,0,000,0,000,0,000,0,000,2704,0,0,0,000,0,000
4,580,4,892,-1,784,0,8029,0,000,0,000,0,000,0,000,0,000,0,000,0,000,0,000,0,000,0,000,0,000,2719,0,0,0,000,0,000
4,600,4,892,-1,784,0,8029,0,000,0,000,0,000,0,000,0,000,0,000,0,000,0,000,0,000,0,000,0,000,2741,0,0,0,000,0,000
4,620,4,892,-1,784,0,8029,0,000,0,000,0,000,0,000,0,000,0,000,0,000,0,000,0,000,0,000,0,000,2741,0,0,0,000,0,000
4,640,4,892,-1,784,0,8029,0,000,0,000,0,000,0,000,0,000,0,000,0,000,0,000,0,000,0,000,0,000,2761,0,0,0,000,0,000
4,660,4,892,-1,784,0,8029,0,000,0,000,0,000,0,000,0,000,0,000,0,000,0,000,0,000,0,000,0,000,2761,0,0,0,000,0,000
4,680,4,892,-1,784,0,8029,0,000,0,000,0,000,0,000,0,000,0,000,0,000,0,000,0,000,0,000,0,000,2780,0,0,0,000,0,000
4,700,4,892,-1,784,0,8029,0,000,0,000,0,000,0,000,0,000,0,000,0,000,0,000,0,000,0,000,0,000,2780,0,0,0,000,0,000
4,720,4,892,-1,784,0,8029,0,000,0,000,0,000,0,000,0,000,0,000,0,000,0,000,0,000,0,000,0,000,2801,0,0,0,000,0,000
4,740,4,892,-1,784,0,8029,0,000,0,000,0,000,0,000,0,000,0,000,0,000,0,000,0,000,0,000,0,000,2801,0,0,0,000,0,000
4,760,4,892,-1,784,0,8029,0,000,0,000,0,000,0,000,0,000,0,000,0,000,0,000,0,000,0,000,0,000,2820,0,0,0,000,0,000
4,780,4,892,-1,784,0,8029,0,000,0,000,0,000,0,000,0,000,0,000,0,000,0,000,0,000,0,000,0,000,2842,0,0,0,000,0,000
4,800,4,892,-1,784,0,8029,0,000,0,000,0,000,0,000,0,000,0,000,0,000,0,000,0,000,0,000,0,000,2842,0,0,0,000,0,000
4,820,4,892,-1,784,0,8029,0,000,0,000,0,000,0,000,0,000,0,000,0,000,0,000,0,000,0,000,0,000,2863,0,0,0,000,0,000
4,840,4,892,-1,784,0,8029,0,000,0,000,0,000,0,000,0,000,0,000,0,000,0,000,0,000,0,000,0,000,2863,0,0,0,000,0,000
4,860,4,892,-1,784,0,8029,0,000,0,000,0,000,0,000,0,000,0,000,0,000,0,000,0,000,0,000,0,000,2892,0,0,0,000,0,000
4,880,4,892,-1,784,0,8029,0,000,0,000,0,000,0,000,0,000,0,000,0,000,0,000,0,000,0,000,0,000,2892,0,0,0,000,0,000
4,900,4,892,-1,784,0,8029,0,000,0,000,0,000,0,000,0,000,0,000,0,000,0,000,0,000,0,000,0,000,2892,0,0,0,000,0,000
4,920,4,892,-1,784,0,8029,0,000,0,000,0,000,0,000,0,000,0,000,0,000,0,000,0,000,0,000,0,000,2911,0,0,0,000,0,000
4,940,4,892,-1,784,0,8029,0,000,0,000,0,000,0,000,0,000,0,000,0,000,0,000,0,000,0,000,0,000,2911,0,0,0,000,0,000
4,960,4,892,-1,784,0,8029,0,000,0,000,0,000,0,000,0,000,0,000,0,000,0,000,0,000,0,000,0,000,2933,0,0,0,000,0,000
4,980,4,892,-1,784,0,8029,0,000,0,000,0,000,0,000,0,000,0,000,0,000,0,000,0,000,0,000,0,000,2933,0,0,0,000,0,000
5,000,4,892,-1,784,0,8029,0,000,0,000,0,000,0,000,0,000,0,000,0,000,0,000,0,000,0,000,0,000,2957,0,0,0,000,0,000
5,020,4,892,-1,784,0,8029,0,000,0,000,0,000,0,000,0,000,0,000,0,000,0,000,0,000,0,000,0,000,2957,0,0,0,000,0,000
5,040,4,892,-1,784,0,8029,0,000,0,000,0,000,0,000,0,000,0,000,0,000,0,000,0,000,0,000,0,000,2978,0,0,0,000,0,000
5,060,4,892,-1,784,0,8029,0,000,0,000,0,000,0,000,0,000,0,000,0,000,0,000,0,000,0,000,0,000,2978,0,0,0,000,0,000
5,080,4,892,-1,784,0,8029,0,000,0,000,0,000,0,000,0,000,0,000,0,000,0,000,0,000,0,000,0,000,2997,0,0,0,000,0,000
5,100,4,892,-1,784,0,8029,0,000,0,000,0,000,0,000,0,000,0,000,0,000,0,000,0,000,0,000,0,000,3018,0,0,0,000,0,000
5,120,4,892,-1,784,0,8029,0,000,0,000,0,000,0,000,0,000,0,000,0,000,0,000,0,000,0,000,0,000,3018,0,0,0,000,0,000
5,140,4,892,-1,784,0,8029,0,000,0,000,0,000,0,000,0,000,0,000,0,000,0,000,0,000,0,000,0,000,3037,0,0,0,000,0,000
5,160,4,892,-1,784,0,8029,0,000,0,000,0,000,0,000,0,000,0,000,0,000,0,000,0,000,0,000,0,000,3037,0,0,0,000,0,000
5,180,4,892,-1,784,0,8029,0,000,0,000,0,000,0,000,0,000,0,000,0,000,0,000,0,000,0,000,0,000,3059,0,0,0,000,0,000
5,200,4,892,-1,784,0,8029,0,000,0,000,0,000,0,000,0,000,0,000,0,000,0,000,0,000,0,000,0,000,3059,0,0,0,000,0,000
5,220,4,892,-1,784,0,8029,0,000,0,000,0,000,0,000,0,000,0,000,0,000,0,000,0,000,0,000,0,000,3078,0,0,0,000,0,000
5,240,4,892,-1,784,0,8029,0,000,0,000,0,000,0,000,0,000,0,000,0,000,0,000,0,000,0,000,0,000,3100,0,0,0,000,0,000
5,260,4,892,-1,784,0,8029,0,000,0,000,0,000,0,000,0,000,0,000,0,000,0,000,0,000,0,000,0,000,3100,0,0,0,000,0,000
5,280,4,892,-1,784,0,8029,0,000,0,000,0,000,0,000,0,000,0,000,0,000,0,000,0,000,0,000,0,000,3121,0,0,0,000,0,000
5,300,4,892,-1,784,0,8029,0,000,0,000,0,000,0,000,0,000,0,000,0,000,0,000,0,000,0,000,0,000,3121,0,0,0,000,0,000
5,320,4,892,-1,784,0,8029,0,000,0,000,0,000,0,000,0,000,0,000,0,000,0,000,0,000,0,000,0,000,3141,0,0,0,000,0,000
5,340,4,892,-1,784,0,8029,0,000,0,000,0,000,0,000,0,000,0,000,0,000,0,000,0,000,0,000,0,000,3141,0,0,0,000,0,000
5,360,4,892,-1,784,0,8029,0,000,0,000,0,000,0,000,0,000,0,000,0,000,0,000,0,000,0,000,0,000,3166,0,0,0,000,0,000
5,380,4,892,-1,784,0,8029,0,000,0,000,0,000,0,000,0,000,0,000,0,000,0,000,0,000,0,000,0,000,3166,0,0,0,000,0,000
5,400,4,892,-1,784,0,8029,0,000,0,000,0,000,0,000,0,000,0,000,0,000,0,000,0,000,0,000,0,000,3187,0,0,0,000,0,000
5,420,4,892,-1,784,0,8029,0,000,0,000,0,000,0,000,0,000,0,000,0,000,0,000,0,000,0,000,0,000,3207,0,0,0,000,0,000
5,440,4,892,-1,784,0,8029,0,000,0,000,0,000,0,000,0,000,0,000,0,000,0,000,0,000,0,000,0,000,3207,0,0,0,000,0,000
5,460,4,892,-1,784,0,8029,0,000,0,000,0,000,0,000,0,000,0,000,0,000,0,000,0,000,0,000,0,000,3231,0,0,0,000,0,000
5,480,4,892,-1,784,0,8029,0,000,0,000,0,000,0,000,0,000,0,000,0,000,0,000,0,000,0,000,0,000,3231,0,0,0,000,0,000
5,500,4,892,-1,784,0,8029,0,000,0,000,0,000,0,000,0,000,0,000,0,000,0,000,0,000,0,000,0,000,3254,0,0,0,000,0,000
5,520,4,892,-1,784,0,8029,0,000,0,000,0,000,0,000,0,000,0,000,0,000,0,000,0,000,0,000,0,000,3254,0,0,0,000,0,000
5,540,4,892,-1,784,0,8029,0,000,0,000,0,000,0,000,0,000,0,000,0,000,0,000,0,000,0,000,0,000,3277,0,0,0,000,0,000
5,560,4,892,-1,784,0,8029,0,000,0,000,0,000,0,000,0,000,0,000,0,000,0,000,0,000,0,000,0,000,3277,0,0,0,000,0,000
5,580,4,892,-1,784,0,8029,0,000,0,000,0,000,0,000,0,000,0,000,0,000,0,000,0,000,0,000,0,000,3299,0,0,0,000,0,000
5,600,4,892,-1,784,0,8029,0,000,0,000,0,000,0,000,0,000,0,000,0,000,0,000,0,000,0,000,0,000,3299,0,0,0,000,0,000
5,620,4,892,-1,784,0,8029,0,000,0,000,0,000,0,000,0,000,0,000,0,000,0,000,0,000,0,000,0,000,3321,0,0,0,000,0,000
5,640,4,892,-1,784,0,8029,0,000,0,000,0,000,0,000,0,000,0,000,0,000,0,000,0,000,0,000,0,000,3321,0,0,0,000,0,000
5,660,4,892,-1,784,0,8029,0,000,0,000,0,000,0,000,0,000,0,000,0,000,0,000,0,000,0,000,0,000,3338,0,0,0,000,0,000
5,680,4,892,-1,784,0,8029,0,000,0,000,0,000,0,000,0,000,0,000,0,000,0,000,0,000,0,000,0,000,3356,0,0,0,000,0,000
5,700,4,892,-1,784,0,8029,0,000,0,000,0,000,0,000,0,000,0,000,0,000,0,000,0,000,0,000,0,000,3356,0,0,0,000,0,000
5,720,4,892,-1,784,0,8029,0,000,0,000,0,000,0,000,0,000,0,000,0,000,0,000,0,000,0,000,0,000,3380,0,0,0,000,0,000
5,740,4,892,-1,784,0,8029,0,000,0,000,0,000,0,000,0,000,0,000,0,000,0,000,0,000,0,000,0,000,3380,0,0,0,000,0,000
5,760,4,892,-1,784,0,8029,0,000,0,000,0,000,0,000,0,000,0,000,0,000,0,000,0,000,0,000,0,000,3403,0,0,0,000,0,000
5,780,4,892,-1,784,0,8029,0,000,0,000,0,000,0,000,0,000,0,000,0,000,0,000,0,000,0,000,0,000,3403,0,0,0,000,0,000
5,800,4,892,-1,784,0,8029,0,000,0,000,0,000,0,000,0,000,0,000,0,000,0,000,0,000,0,000,0,000,3424,0,0,0,000,0,000
5,820,4,892,-1,784,0,8029,0,000,0,000,0,000,0,000,0,000,0,000,0,000,0,000,0,000,0,000,0,000,3424,0,0,0,000,0,000
5,840,4,892,-1,784,0,8029,0,000,0,000,0,000,0,000,0,000,0,000,0,000,0,000,0,000,0,000,0,000,3440,0,0,0,000,0,000
5,860,4,892,-1,784,0,8029,0,000,0,000,0,000,0,000,0,000,0,000,0,000,0,000,0,000,0,000,0,000,3463,0,0,0,000,0,000
5,880,4,892,-1,784,0,8029,0,000,0,000,0,000,0,000,0,000,0,000,0,000,0,000,0,000,0,000,0,000,3463,0,0,0,000,0,000
5,900,4,892,-1,784,0,8029,0,000,0,000,0,000,0,000,0,000,0,000,0,000,0,000,0,000,0,000,0,000,3484,0,0,0,000,0,000
5,920,4,892,-1,784,0,8029,0,000,0,000,0,000,0,000,0,000,0,000,0,000,0,000,0,000,0,000,0,000,3484,0,0,0,000,0,000
5,940,4,892,-1,784,0,8029,0,000,0,000,0,000,0,000,0,000,0,000,0,000,0,000,0,000,0,000,0,000,3511,0,0,0,000,0,000
5,960,4,892,-1,784,0,8029,0,000,0,000,0,000,0,000,0,000,0,000,0,000,0,000,0,000,0,000,0,000,3511,0,0,0,000,0,000
5,980,4,892,-1,784,0,8029,0,000,0,000,0,000,0,000,0,000,0,000,0,000,0,000,0,000,0,000,0,000,3527,0,0,0,000,0,000
6,000,4,892,-1,784,0,8029,0,000,0,000,0,000,0,000,0,000,0,000,0,000,0,000,0,000,0,000,0,000,3527,0,0,0,000,0,000
6,020,4,892,-1,784,0,8029,0,000,0,000,0,000,0,000,0,000,0,000,0,000,0,000,0,000,0,000,0,000,3549,0,0,0,000,0,000
6,040,4,892,-1,784,0,8029,0,000,0,000,0,000,0,000,0,000,0,000,0,000,0,000,0,000,0,000,0,000,3572,0,0,0,000,0,000
6,060,4,892,-1,784,0,8029,0,000,0,000,0,000,0,000,0,000,0,000,0,000,0,000,0,000,0,000,0,000,3572,0,0,0,000,0,000
6,080,4,892,-1,784,0,8029,0,000,0,000,0,000,0,000,0,000,0,000,0,000,0,000,0,000,0,000,0,000,3591,0,0,0,000,0,000
6,100,4,892,-1,784,0,8029,0,000,0,000,0,000,0,000,0,000,0,000,0,000,0,000,0,000,0,000,0,000,3591,0,0,0,000,0,000
6,120,4,892,-1,784,0,8029,0,000,0,000,0,000,0,000,0,000,0,000,0,000,0,000,0,000,0,000,0,000,3609,0,0,0,000,0,000
6,140,4,892,-1,784,0,8029,0,000,0,000,0,000,0,000,0,000,0,000,0,000,0,000,0,000,0,000,0,000,3609,0,0,0,000,0,000
6,160,4,892,-1,784,0,8029,0,000,0,000,0,000,0,000,0,000,0,000,0,000,0,000,0,000,0,000,0,000,3633,0,0,0,000,0,000
6,180,4,892,-1,784,0,8029,0,000,0,000,0,000,0,000,0,000,0,000,0,000,0,000,0,000,0,000,0,000,3633,0,0,0,000,0,000
6,200,4,892,-1,784,0,8029,0,000,0,000,0,000,0,000,0,000,0,000,0,000,0,000,0,000,0,000,0,000,3654,0,0,0,000,0,000
6,220,4,892,-1,784,0,8029,0,000,0,000,0,000,0,000,0,000,0,000,0,000,0,000,0,000,0,000,0,000,3673,0,0,0,000,0,000
6,240,4,892,-1,784,0,8029,0,000,0,000,0,000,0,000,0,000,0,000,0,000,0,000,0,000,0,000,0,000,3673,0,0,0,000,0,000
6,260,4,892,-1,784,0,8029,0,000,0,000,0,000,0,000,0,000,0,000,0,000,0,000,0,000,0,000,0,000,3692,0,0,0,000,0,000
6,280,4,892,-1,784,0,8029,0,000,0,000,0,000,0,000,0,000,0,000,0,000,0,000,0,000,0,000,0,000,3692,0,0,0,000,0,000
6,300,4,892,-1,784,0,8029,0,000,0,000,0,000,0,000,0,000,0,000,0,000,0,000,0,000,0,000,0,000,3715,0,0,0,000,0,000
6,320,4,892,-1,784,0,8029,0,000,0,000,0,000,0,000,0,000,0,000,0,000,0,000,0,000,0,000,0,000,3715,0,0,0,000,0,000
6,340,4,892,-1,784,0,8029,0,000,0,000,0,000,0,000,0,000,0,000,0,000,0,000,0,000,0,000,0,000,3734,0,0,0,000,0,000
6,360,4,892,-1,784,0,8029,0,000,0,000,0,000,0,000,0,000,0,000,0,000,0,000,0,000,0,000,0,000,3734,0,0,0,000,0,000
6,380,4,892,-1,784,0,8029,0,000,0,000,0,000,0,000,0,000,0,000,0,000,0,000,0,000,0,000,0,000,3751,0,0,0,000,0,000
6,400,4,892,-1,784,0,8029,0,000,0,000,0,000,0,000,0,000,0,000,0,000,0,000,0,000,0,000,0,000,3751,0,0,0,000,0,000
6,420,4,892,-1,784,0,8029,0,000,0,000,0,000,0,000,0,000,0,000,0,000,0,000,0,000,0,000,0,000,3769,0,0,0,000,0,000
6,440,4,892,-1,784,0,8029,0,000,0,000,0,000,0,000,0,000,0,000,0,000,0,000,0,000,0,000,0,000,3786,0,0,0,000,0,000
6,460,4,892,-1,784,0,8029,0,000,0,000,0,000,0,000,0,000,0,000,0,000,0,000,0,000,0,000,0,000,3786,0,0,0,000,0,000
6,480,4,892,-1,784,0,8029,0,000,0,000,0,000,0,000,0,000,0,000,0,000,0,000,0,000,0,000,0,000,3809,0,0,0,000,0,000
6,500,4,892,-1,784,0,8029,0,000,0,000,0,000,0,000,0,000,0,000,0,000,0,000,0,000,0,000,0,000,3809,0,0,0,000,0,000
6,520,4,892,-1,784,0,8029,0,000,0,000,0,000,0,000,0,000,0,000,0,000,0,000,0,000,0,000,0,000,3833,0,0,0,000,0,000
6,540,4,892,-1,784,0,8029,0,000,0,000,0,000,0,000,0,000,0,000,0,000,0,000,0,000,0,000,0,000,3833,0,0,0,000,0,000
6,560,4,892,-1,784,0,8029,0,000,0,000,0,000,0,000,0,000,0,000,0,000,0,000,0,000,0,000,0,000,3853,0,0,0,000,0,000
6,580,4,892,-1,784,0,8029,0,000,0,000,0,000,0,000,0,000,0,000,0,000,0,000,0,000,0,000,0,000,3853,0,0,0,000,0,000
6,600,4,892,-1,784,0,8029,0,000,0,000,0,000,0,000,0,000,0,000,0,000,0,000,0,000,0,000,0,000,3875,0,0,0,000,0,000
6,620,4,892,-1,784,0,8029,0,000,0,000,0,000,0,000,0,000,0,000,0,000,0,000,0,000,0,000,0,000,3875,0,0,0,000,0,000
6,640,4,892,-1,784,0,8029,0,000,0,000,0,000,0,000,0,000,0,000,0,000,0,000,0,000,0,000,0,000,3900,0,0,0,000,0,000
6,660,4,892,-1,784,0,8029,0,000,0,000,0,000,0,000,0,000,0,000,0,000,0,000,0,000,0,000,0,000,3900,0,0,0,000,0,000
6,680,4,892,-1,784,0,8029,0,000,0,000,0,000,0,000,0,000,0,000,0,000,0,000,0,000,0,000,0,000,3920,0,0,0,000,0,000
6,700,4,892,-1,784,0,8029,0,000,0,000,0,000,0,000,0,000,0,000,0,000,0,000,0,000,0,000,0,000,3943,0,0,0,000,0,000
6,720,4,892,-1,784,0,8029,0,000,0,000,0,000,0,000,0,000,0,000,0,000,0,000,0,000,0,000,0,000,3943,0,0,0,000,0,000
6,740,4,892,-1,784,0,8029,0,000,0,000,0,000,0,000,0,000,0,000,0,000,0,000,0,000,0,000,0,000,3959,0,0,0,000,0,000
6,760,4,892,-1,784,0,8029,0,000,0,000,0,000,0,000,0,000,0,000,0,000,0,000,0,000,0,000,0,000,3959,0,0,0,000,0,000
6,780,4,892,-1,784,0,8029,0,000,0,000,0,000,0,000,0,000,0,000,0,000,0,000,0,000,0,000,0,000,3978,0,0,0,000,0,000
6,800,4,892,-1,784,0,8029,0,000,0,000,0,000,0,000,0,000,0,000,0,000,0,000,0,000,0,000,0,000,3978,0,0,0,000,0,000
6,820,4,892,-1,784,0,8029,0,000,0,000,0,000,0,000,0,000,0,000,0,000,0,000,0,000,0,000,0,000,3999,0,0,0,000,0,000
6,840,4,892,-1,784,0,8029,0,000,0,000,0,000,0,000,0,000,0,000,0,000,0,000,0,000,0,000,0,000,3999,0,0,0,000,0,000
6,860,4,892,-1,784,0,8029,0,000,0,000,0,000,0,000,0,000,0,000,0,000,0,000,0,000,0,000,0,000,4018,0,0,0,000,0,000
6,880,4,892,-1,784,0,8029,0,000,0,000,0,000,0,000,0,000,0,000,0,000,0,000,0,000,0,000,0,000,4043,0,0,0,000,0,000
6,900,4,892,-1,784,0,8029,0,000,0,000,0,000,0,000,0,000,0,000,0,000,0,000,0,000,0,000,0,000,4043,0,0,0,000,0,000
6,920,4,892,-1,784,0,8029,0,000,0,000,0,000,0,000,0,000,0,000,0,000,0,000,0,000,0,000,0,000,4064,0,0,0,000,0,000
6,940,4,892,-1,784,0,8029,0,000,0,000,0,000,0,000,0,000,0,000,0,000,0,000,0,000,0,000,0,000,4064,0,0,0,000,0,000
6,960,4,892,-1,784,0,8029,0,000,0,000,0,000,0,000,0,000,0,000,0,000,0,000,0,000,0,000,0,000,4085,0,0,0,000,0,000
6,980,4,892,-1,784,0,8029,0,000,0,000,0,000,0,000,0,000,0,000,0,000,0,000,0,000,0,000,0,000,4085,0,0,0,000,0,000
7,000,4,892,-1,784,0,8029,0,000,0,000,0,000,0,000,0,000,0,000,0,000,0,000,0,000,0,000,0,000,4111,0,0,0,000,0,000
7,020,4,892,-1,784,0,8029,0,000,0,000,0,000,0,000,0,000,0,000,0,000,0,000,0,000,0,000,0,000,4111,0,0,0,000,0,000
7,040,4,892,-1,784,0,8029,0,000,0,000,0,000,0,000,0,000,0,000,0,000,0,000,0,000,0,000,0,000,4132,0,0,0,000,0,000
7,060,4,892,-1,784,0,8029,0,000,0,000,0,000,0,000,0,000,0,000,0,000,0,000,0,000,0,000,0,000,4133,1,0,0,000,0,000
7,080,4,892,-1,784,0,8029,0,000,-8,196,-8,196,0,000,0,000,0,000,0,000,0,000,0,000,0,000,0,000,4133,1,0,-0,065,-0,035
7,100,4,892,-1,784,0,8029,0,000,-8,196,-8,196,0,000,0,000,0,000,0,000,0,000,0,000,0,000,0,000,4133,1,0,-0,065,-0,035
7,120,4,892,-1,784,0,8029,0,000,-8,197,-8,197,3,008,3,008,0,000,0,000,0,000,0,000,0,000,0,000,4133,1,0,-0,065,-0,035
7,140,4,892,-1,785,0,8028,0,000,-8,206,-8,206,9,032,9,032,0,000,0,000,0,000,0,000,0,000,0,000,4133,1,0,-0,065,-0,035
7,160,4,892,-1,785,0,8028,0,000,-8,207,-8,207,15,072,15,072,0,000,0,000,0,000,0,000,0,000,0,000,4133,1,0,-0,065,-0,035
7,180,4,893,-1,784,0,8028,0,000,-8,227,-8,227,21,128,21,128,0,000,0,000,0,000,0,000,0,000,0,000,4133,1,0,-0,065,-0,035
7,200,4,892,-1,784,0,8028,0,000,-8,231,-8,231,27,200,27,200,0,000,0,000,0,000,0,000,0,000,0,000,4133,1,0,-0,066,-0,035
7,220,4,893,-1,784,0,8028,0,000,-8,244,-8,244,33,288,33,288,0,000,0,000,0,000,0,000,0,000,0,000,4133,1,0,-0,066,-0,035
7,240,4,892,-1,784,0,8027,0,000,-8,251,-8,251,39,392,39,392,0,000,0,000,0,000,0,000,0,000,0,000,4133,1,0,-0,066,-0,035
7,260,4,893,-1,784,0,8028,0,000,-8,252,-8,252,45,512,45,512,0,000,0,000,0,000,0,000,0,000,0,000,4133,1,0,-0,066,-0,035
7,280,4,893,-1,783,0,8028,0,000,-8,257,-8,257,51,648,51,648,0,000,0,000,0,000,0,000,0,000,0,000,4133,1,0,-0,066,-0,035
7,300,4,893,-1,783,0,8026,0,000,-8,331,-8,331,57,800,57,800,0,000,0,000,0,000,0,000,0,000,0,000,4133,1,0,-0,066,-0,035
7,320,4,894,-1,782,0,8028,0,000,-8,284,-8,284,63,968,63,968,0,000,0,000,0,000,0,000,0,000,0,000,4133,1,0,-0,066,-0,035
7,340,4,894,-1,782,0,8029,0,000,-8,269,-8,269,70,152,70,152,0,000,0,000,0,000,0,000,0,000,0,000,4133,1,0,-0,066,-0,035
7,360,4,894,-1,781,0,8027,0,000,-8,353,-8,353,76,352,76,352,0,000,0,000,0,000,0,000,0,000,0,000,4133,1,0,-0,066,-0,035
7,380,4,895,-1,781,0,8027,0,000,-8,352,-8,352,82,568,82,568,0,000,0,000,0,000,0,000,0,000,0,000,4133,1,0,-0,066,-0,035
7,400,4,896,-1,780,0,8028,0,000,-8,364,-8,364,88,800,88,800,0,000,0,000,0,000,0,000,0,000,0,000,4133,1,0,-0,066,-0,035
7,420,4,897,-1,779,0,8028,0,000,-8,378,-8,378,95,048,95,048,0,000,0,000,0,000,0,000,0,000,0,000,4133,1,0,-0,066,-0,035
7,440,4,897,-1,778,0,8026,0,000,-8,472,-8,472,101,312,101,312,0,000,0,000,0,000,0,000,0,000,0,000,4133,1,0,-0,067,-0,035
7,460,4,898,-1,777,0,8028,0,000,-8,426,-8,426,107,592,107,592,0,000,0,000,0,000,0,000,0,000,0,000,4133,1,0,-0,067,-0,035
7,480,4,900,-1,775,0,8030,0,000,-8,420,-8,420,113,888,113,888,0,000,0,000,0,000,0,000,0,000,0,000,4133,1,0,-0,067,-0,035
7,500,4,901,-1,774,0,8033,0,000,-8,340,-8,340,120,200,120,200,0,000,0,000,0,000,0,000,0,000,0,000,4133,1,0,-0,066,-0,035
7,520,4,903,-1,773,0,8035,0,000,-8,305,-8,305,126,528,126,528,0,000,0,000,0,000,0,000,0,000,0,000,4133,1,0,-0,065,-0,036
7,540,4,904,-1,771,0,8034,0,000,-8,385,-8,385,132,872,132,872,0,000,0,000,0,000,0,000,0,000,0,000,4133,1,0,-0,066,-0,035
7,560,4,906,-1,770,0,8036,0,000,-8,338,-8,338,139,232,139,232,0,000,0,000,0,000,0,000,0,000,0,000,4133,1,0,-0,066,-0,036
7,580,4,907,-1,768,0,8038,0,000,-8,332,-8,332,145,608,145,608,0,000,0,000,0,000,0,000,0,000,0,000,4133,1,0,-0,065,-0,036
7,600,4,910,-1,766,0,8039,0,000,-8,331,-8,331,152,000,152,000,0,000,0,000,0,000,0,000,0,000,0,000,4133,1,0,-0,065,-0,036
7,620,4,912,-1,763,0,8041,0,000,-8,332,-8,332,158,408,158,408,0,000,0,000,0,000,0,000,0,000,0,000,4133,1,0,-0,065,-0,036
7,640,4,914,-1,761,0,8043,0,000,-8,338,-8,338,164,832,164,832,0,000,0,000,0,000,0,000,0,000,0,000,4133,1,0,-0,065,-0,036
7,660,4,917,-1,758,0,8045,0,000,-8,348,-8,348,171,272,171,272,0,000,0,000,0,000,0,000,0,000,0,000,4133,1,0,-0,065,-0,037
7,680,4,919,-1,755,0,8047,0,000,-8,352,-8,352,177,728,177,728,0,000,0,000,0,000,0,000,0,000,0,000,4133,1,0,-0,065,-0,037
7,700,4,922,-1,752,0,8048,0,000,-8,371,-8,371,184,200,184,200,0,000,0,000,0,000,0,000,0,000,0,000,4133,1,0,-0,065,-0,037
7,720,4,925,-1,749,0,8053,0,000,-8,287,-8,287,190,688,190,688,0,000,0,000,0,000,0,000,0,000,0,000,4133,1,0,-0,064,-0,037
7,740,4,929,-1,746,0,8056,0,000,-8,267,-8,267,197,192,197,192,0,000,0,000,0,000,0,000,0,000,0,000,4133,1,0,-0,064,-0,038
7,760,4,932,-1,742,0,8059,0,000,-8,267,-8,267,203,712,203,712,0,000,0,000,0,000,0,000,0,000,0,000,4133,1,0,-0,063,-0,038
7,780,4,936,-1,738,0,8062,0,000,-8,268,-8,268,210,248,210,248,0,000,0,000,0,000,0,000,0,000,0,000,4133,1,0,-0,063,-0,038
7,800,4,940,-1,734,0,8064,0,000,-8,281,-8,281,216,800,216,800,0,000,0,000,0,000,0,000,0,000,0,000,4133,1,0,-0,063,-0,038
7,820,4,944,-1,730,0,8068,0,000,-10,465,-10,465,223,368,223,368,0,000,0,000,0,000,0,000,0,000,0,000,4133,1,0,-0,086,-0,039
7,840,4,948,-1,726,0,8073,0,000,-10,421,-10,421,229,952,229,952,0,000,0,000,0,000,0,000,0,000,0,000,4133,1,0,-0,085,-0,039
7,860,4,953,-1,721,0,8077,0,000,-10,422,-10,422,236,552,236,552,0,000,0,000,0,000,0,000,0,000,0,000,4133,1,0,-0,085,-0,040
7,880,4,957,-1,716,0,8080,0,000,-10,479,-10,479,243,168,243,168,0,000,0,000,0,000,0,000,0,000,0,000,4133,1,0,-0,085,-0,040
7,900,4,962,-1,710,0,8084,0,000,-10,485,-10,485,249,800,249,800,0,000,0,000,0,000,0,000,0,000,0,000,4133,1,0,-0,085,-0,040
7,920,4,967,-1,705,0,8088,0,000,-10,537,-10,537,256,448,256,448,0,000,0,000,0,000,0,000,0,000,0,000,4133,1,0,-0,085,-0,041
7,940,4,973,-1,699,0,8093,0,000,-10,545,-10,545,263,112,263,112,0,000,0,000,0,000,0,000,0,000,0,000,4133,1,0,-0,084,-0,041
7,960,4,979,-1,693,0,8097,0,000,-10,593,-10,593,269,792,269,792,0,000,0,000,0,000,0,000,0,000,0,000,4133,1,0,-0,084,-0,042
7,980,4,985,-1,686,0,8104,0,000,-10,553,-10,553,276,488,276,488,0,000,0,000,0,000,0,000,0,000,0,000,4133,1,0,-0,083,-0,042
8,000,4,991,-1,680,0,8109,0,000,-10,600,-10,600,283,200,283,200,0,000,0,000,0,000,0,000,0,000,0,000,4133,1,0,-0,083,-0,043
8,020,4,998,-1,673,0,8116,0,000,-10,559,-10,559,289,928,289,928,0,000,0,000,0,000,0,000,0,000,0,000,4133,1,0,-0,082,-0,044
8,040,5,005,-1,665,0,8124,0,000,-10,535,-10,535,296,672,296,672,0,000,0,000,0,000,0,000,0,000,0,000,4133,1,0,-0,082,-0,044
8,060,5,013,-1,658,0,8133,0,000,-10,469,-10,469,303,432,303,432,0,000,0,000,0,000,0,000,0,000,0,000,4133,1,0,-0,081,-0,045
8,080,5,021,-1,649,0,8142,0,000,-10,441,-10,441,310,208,310,208,0,000,0,000,0,000,0,000,0,000,0,000,4133,1,0,-0,080,-0,046
8,100,5,029,-1,641,0,8150,0,000,-12,814,-12,814,317,000,317,000,0,000,0,000,0,000,0,000,0,000,0,000,4133,1,0,-0,106,-0,047
8,120,5,038,-1,632,0,8159,0,000,-12,837,-12,837,320,800,320,800,0,000,0,000,0,000,0,000,0,000,0,000,4133,1,0,-0,105,-0,048
8,140,5,046,-1,622,0,8169,0,000,-12,847,-12,847,321,600,321,600,0,000,0,000,0,000,0,000,0,000,0,000,4133,1,0,-0,104,-0,049
8,160,5,055,-1,612,0,8179,0,000,-12,878,-12,878,322,400,322,400,0,000,0,000,0,000,0,000,0,000,0,000,4133,1,0,-0,104,-0,050
8,180,5,065,-1,602,0,8190,0,000,-12,879,-12,879,335,232,335,232,0,000,0,000,0,000,0,000,0,000,0,000,4133,1,0,-0,103,-0,047
8,200,5,075,-1,592,0,8203,0,000,-12,862,-12,862,348,096,348,096,0,000,0,000,0,000,0,000,0,000,0,000,4133,1,0,-0,102,-0,043
8,220,5,086,-1,580,0,8215,0,000,-12,875,-12,875,360,992,360,992,0,000,0,000,0,000,0,000,0,000,0,000,4133,1,0,-0,101,-0,040
8,240,5,096,-1,569,0,8228,0,000,-12,902,-12,902,373,920,373,920,0,000,0,000,0,000,0,000,0,000,0,000,4133,1,0,-0,100,-0,037
8,260,5,108,-1,557,0,8242,0,000,-15,353,-15,353,386,880,386,880,0,000,0,000,0,000,0,000,0,000,0,000,4133,1,0,-0,128,-0,033
8,280,5,119,-1,544,0,8258,0,000,-15,378,-15,378,399,872,399,872,0,000,0,000,0,000,0,000,0,000,0,000,4133,1,0,-0,127,-0,029
8,300,5,131,-1,531,0,8274,0,000,-15,391,-15,391,412,896,412,896,0,000,0,000,0,000,0,000,0,000,0,000,4133,1,0,-0,126,-0,026
8,320,5,144,-1,518,0,8293,0,000,-15,376,-15,376,425,952,425,952,0,000,0,000,0,000,0,000,0,000,0,000,4133,1,0,-0,124,-0,022
8,340,5,157,-1,504,0,8311,0,000,-15,422,-15,422,439,040,439,040,0,000,0,000,0,000,0,000,0,000,0,000,4133,1,0,-0,123,-0,018
8,360,5,170,-1,489,0,8329,0,000,-15,497,-15,497,452,160,452,160,0,000,0,000,0,000,0,000,0,000,0,000,4133,1,0,-0,122,-0,015
8,380,5,183,-1,474,0,8349,0,000,-15,556,-15,556,465,312,465,312,0,000,0,000,0,000,0,000,0,000,0,000,4133,1,0,-0,121,-0,010
8,400,5,197,-1,459,0,8369,0,000,-18,106,-18,106,478,496,478,496,0,000,0,000,0,000,0,000,0,000,0,000,4133,1,0,-0,153,-0,006
8,420,5,212,-1,443,0,8392,0,000,-18,161,-18,161,491,712,491,712,0,000,0,000,0,000,0,000,0,000,0,000,4133,1,0,-0,151,-0,002
8,440,5,227,-1,426,0,8416,0,000,-18,266,-18,266,504,960,504,960,0,000,0,000,0,000,0,000,0,000,0,000,4133,1,0,-0,150,0,002
8,460,5,243,-1,408,0,8443,0,000,-18,336,-18,336,518,240,518,240,0,000,0,000,0,000,0,000,0,000,0,000,4133,1,0,-0,149,0,006
8,480,5,259,-1,390,0,8469,0,000,-18,454,-18,454,531,552,531,552,0,000,0,000,0,000,0,000,0,000,0,000,4133,1,0,-0,147,0,010
8,500,5,275,-1,372,0,8497,0,000,-18,612,-18,612,544,896,544,896,0,000,0,000,0,000,0,000,0,000,0,000,4133,1,0,-0,146,0,014
8,520,5,292,-1,352,0,8524,0,000,-21,232,-21,232,558,272,558,272,0,000,0,000,0,000,0,000,0,000,0,000,4133,1,0,-0,181,0,018
8,540,5,310,-1,332,0,8556,0,000,-21,392,-21,392,571,680,571,680,0,000,0,000,0,000,0,000,0,000,0,000,4133,1,0,-0,180,0,023
8,560,5,328,-1,311,0,8592,0,000,-21,540,-21,540,585,120,585,120,0,000,0,000,0,000,0,000,0,000,0,000,4133,1,0,-0,178,0,026
8,580,5,347,-1,289,0,8628,0,000,-21,789,-21,789,598,592,598,592,0,000,0,000,0,000,0,000,0,000,0,000,4133,1,0,-0,177,0,031
8,600,5,366,-1,266,0,8665,0,000,-22,051,-22,051,612,096,612,096,0,000,0,000,0,000,0,000,0,000,0,000,4133,1,0,-0,176,0,035
8,620,5,385,-1,243,0,8704,0,000,-24,582,-24,582,625,632,625,632,0,000,0,000,0,000,0,000,0,000,0,000,4133,1,0,-0,214,0,039
8,640,5,405,-1,219,0,8747,0,000,-24,869,-24,869,639,200,639,200,0,000,0,000,0,000,0,000,0,000,0,000,4133,1,0,-0,213,0,043
8,660,5,426,-1,194,0,8793,0,000,-25,191,-25,191,652,800,652,800,0,000,0,000,0,000,0,000,0,000,0,000,4133,1,0,-0,212,0,046
8,680,5,447,-1,168,0,8842,0,000,-25,570,-25,570,666,432,666,432,0,000,0,000,0,000,0,000,0,000,0,000,4133,1,0,-0,211,0,050
8,700,5,469,-1,140,0,8892,0,000,-27,999,-27,999,680,096,680,096,0,000,0,000,0,000,0,000,0,000,0,000,4133,1,0,-0,252,0,054
8,720,5,491,-1,112,0,8948,0,000,-28,386,-28,386,693,791,693,791,0,000,0,000,0,000,0,000,0,000,0,000,4133,1,0,-0,251,0,057
8,740,5,514,-1,083,0,9007,0,000,-28,828,-28,828,707,520,707,520,0,000,0,000,0,000,0,000,0,000,0,000,4133,1,0,-0,250,0,060
8,760,5,538,-1,053,0,9069,0,000,-29,338,-29,338,721,279,721,279,0,000,0,000,0,000,0,000,0,000,0,000,4133,1,0,-0,249,0,063
8,780,5,562,-1,022,0,9134,0,000,-29,942,-29,942,735,071,735,071,0,000,0,000,0,000,0,000,0,000,0,000,4133,1,0,-0,250,0,066
8,800,5,586,-0,990,0,9203,0,000,-31,887,-31,887,748,895,748,895,0,000,0,000,0,000,0,000,0,000,0,000,4133,1,0,-0,289,0,068
8,820,5,611,-0,956,0,9277,0,000,-32,510,-32,510,762,751,762,751,0,000,0,000,0,000,0,000,0,000,0,000,4133,1,0,-0,290,0,071
8,840,5,636,-0,922,0,9354,0,000,-33,944,-33,944,776,639,776,639,0,000,0,000,0,000,0,000,0,000,0,000,4133,1,0,-0,326,0,073
8,860,5,661,-0,886,0,9435,0,000,-34,595,-34,595,790,559,790,559,0,000,0,000,0,000,0,000,0,000,0,000,4133,1,0,-0,327,0,075
8,880,5,687,-0,850,0,9520,0,000,-35,336,-35,336,804,511,804,511,0,000,0,000,0,000,0,000,0,000,0,000,4133,1,0,-0,328,0,076
8,900,5,712,-0,812,0,9609,0,000,-36,181,-36,181,818,495,818,495,0,000,0,000,0,000,0,000,0,000,0,000,4133,1,0,-0,330,0,078
8,920,5,738,-0,773,0,9702,0,000,-37,136,-37,136,832,511,832,511,0,000,0,000,0,000,0,000,0,000,0,000,4133,1,0,-0,334,0,079
8,940,5,764,-0,733,0,9799,0,000,-37,993,-37,993,846,559,846,559,0,000,0,000,0,000,0,000,0,000,0,000,4133,1,0,-0,366,0,080
8,960,5,791,-0,692,0,9900,0,000,-38,970,-38,970,860,639,860,639,0,000,0,000,0,000,0,000,0,000,0,000,4133,1,0,-0,370,0,081
8,980,5,817,-0,649,1,0006,0,000,-39,546,-39,546,874,751,874,751,0,000,0,000,0,000,0,000,0,000,0,000,4133,1,0,-0,400,0,081
9,000,5,844,-0,605,1,0116,0,000,-40,552,-40,552,888,895,888,895,0,000,0,000,0,000,0,000,0,000,0,000,4133,1,0,-0,405,0,081
9,020,5,870,-0,561,1,0230,0,000,-41,664,-41,664,903,071,903,071,0,000,0,000,0,000,0,000,0,000,0,000,4133,1,0,-0,411,0,081
9,040,5,896,-0,515,1,0350,0,000,-41,942,-41,942,917,279,917,279,0,000,0,000,0,000,0,000,0,000,0,000,4133,1,0,-0,439,0,081
9,060,5,922,-0,468,1,0473,0,000,-43,070,-43,070,931,519,931,519,0,000,0,000,0,000,0,000,0,000,0,000,4133,1,0,-0,446,0,080
9,080,5,948,-0,419,1,0600,0,000,-43,190,-43,190,945,791,945,791,0,000,0,000,0,000,0,000,0,000,0,000,4133,1,0,-0,471,0,079
9,100,5,974,-0,370,1,0732,0,000,-44,343,-44,343,960,095,960,095,0,000,0,000,0,000,0,000,0,000,0,000,4133,1,0,-0,480,0,078
9,120,6,000,-0,319,1,0868,0,000,-45,574,-45,574,974,431,974,431,0,000,0,000,0,000,0,000,0,000,0,000,4133,1,0,-0,491,0,077
9,140,6,025,-0,267,1,1009,0,000,-45,505,-45,505,988,799,988,799,0,000,0,000,0,000,0,000,0,000,0,000,4133,1,0,-0,513,0,075
9,160,6,049,-0,214,1,1154,0,000,-46,736,-46,736,1003,199,1003,199,0,000,0,000,0,000,0,000,0,000,0,000,4133,1,0,-0,526,0,073
9,180,6,073,-0,160,1,1303,0,000,-48,023,-48,023,1005,600,1005,600,0,000,0,000,0,000,0,000,0,000,0,000,4133,1,0,-0,540,0,058
9,200,6,097,-0,104,1,1457,0,000,-47,795,-47,795,1008,000,1008,000,0,000,0,000,0,000,0,000,0,000,0,000,4133,1,0,-0,561,0,042
9,220,6,120,-0,048,1,1615,0,000,-49,057,-49,057,1004,384,1004,384,0,000,0,000,0,000,0,000,0,000,0,000,4133,1,0,-0,577,0,027
9,240,6,143,0,010,1,1778,0,000,-50,343,-50,343,994,736,994,736,0,000,0,000,0,000,0,000,0,000,0,000,4133,1,0,-0,595,0,010
9,260,6,164,0,069,1,1945,0,000,-49,984,-49,984,985,056,985,056,0,000,0,000,0,000,0,000,0,000,0,000,4133,1,0,-0,614,-0,006
9,280,6,185,0,128,1,2115,0,000,-51,219,-51,219,975,344,975,344,0,000,0,000,0,000,0,000,0,000,0,000,4133,1,0,-0,634,-0,023
9,300,6,206,0,189,1,2289,0,000,-52,448,-52,448,965,600,965,600,0,000,0,000,0,000,0,000,0,000,0,000,4133,1,0,-0,656,-0,041
9,320,6,225,0,251,1,2467,0,000,-51,975,-51,975,955,824,955,824,0,000,0,000,0,000,0,000,0,000,0,000,4133,1,0,-0,673,-0,059
9,340,6,243,0,313,1,2649,0,000,-53,126,-53,126,946,016,946,016,0,000,0,000,0,000,0,000,0,000,0,000,4133,1,0,-0,696,-0,077
9,360,6,261,0,377,1,2833,0,000,-54,244,-54,244,936,176,936,176,0,000,0,000,0,000,0,000,0,000,0,000,4133,1,0,-0,721,-0,095
9,380,6,277,0,441,1,3022,0,000,-55,316,-55,316,926,304,926,304,0,000,0,000,0,000,0,000,0,000,0,000,4133,1,0,-0,748,-0,114
9,400,6,292,0,506,1,3215,0,000,-53,103,-53,103,916,400,916,400,0,000,0,000,0,000,0,000,0,000,0,000,4133,1,0,-0,750,-0,133
9,420,6,306,0,571,1,3408,0,000,-54,073,-54,073,906,464,906,464,0,000,0,000,0,000,0,000,0,000,0,000,4133,1,0,-0,776,-0,153
9,440,6,319,0,638,1,3604,0,000,-55,002,-55,002,896,496,896,496,0,000,0,000,0,000,0,000,0,000,0,000,4133,1,0,-0,803,-0,172
9,460,6,330,0,705,1,3802,0,000,-55,876,-55,876,886,496,886,496,0,000,0,000,0,000,0,000,0,000,0,000,4133,1,0,-0,831,-0,192
9,480,6,340,0,773,1,4003,0,000,-56,685,-56,685,876,464,876,464,0,000,0,000,0,000,0,000,0,000,0,000,4133,1,0,-0,861,-0,212
9,500,6,349,0,841,1,4207,0,000,-55,936,-55,936,866,400,866,400,0,000,0,000,0,000,0,000,0,000,0,000,4133,1,0,-0,871,-0,233
9,520,6,357,0,910,1,4413,0,000,-56,630,-56,630,856,304,856,304,0,000,0,000,0,000,0,000,0,000,0,000,4133,1,0,-0,900,-0,253
9,540,6,363,0,979,1,4620,0,000,-57,258,-57,258,846,176,846,176,0,000,0,000,0,000,0,000,0,000,0,000,4133,1,0,-0,929,-0,274
9,560,6,368,1,048,1,4830,0,000,-57,817,-57,817,836,016,836,016,0,000,0,000,0,000,0,000,0,000,0,000,4133,1,0,-0,959,-0,295
9,580,6,371,1,118,1,5042,0,000,-58,307,-58,307,825,825,825,825,0,000,0,000,0,000,0,000,0,000,0,000,4133,1,0,-0,989,-0,316
9,600,6,373,1,188,1,5256,0,000,-56,028,-56,028,815,601,815,601,0,000,0,000,0,000,0,000,0,000,0,000,4133,1,0,-0,965,-0,337
9,620,6,374,1,259,1,5469,0,000,-56,423,-56,423,805,345,805,345,0,000,0,000,0,000,0,000,0,000,0,000,4133,1,0,-0,992,-0,359
9,640,6,372,1,329,1,5683,0,000,-56,761,-56,761,795,057,795,057,0,000,0,000,0,000,0,000,0,000,0,000,4133,1,0,-1,019,-0,380
9,660,6,369,1,400,1,5897,0,000,-57,038,-57,038,784,737,784,737,0,000,0,000,0,000,0,000,0,000,0,000,4133,1,0,-1,045,-0,402
9,680,6,365,1,471,1,6112,0,000,-57,251,-57,251,774,385,774,385,0,000,0,000,0,000,0,000,0,000,0,000,4133,1,0,-1,070,-0,423
9,700,6,359,1,542,1,6328,0,000,-57,401,-57,401,764,001,764,001,0,000,0,000,0,000,0,000,0,000,0,000,4133,1,0,-1,094,-0,445
9,720,6,352,1,614,1,6545,0,000,-55,053,-55,053,753,585,753,585,0,000,0,000,0,000,0,000,0,000,0,000,4133,1,0,-1,055,-0,466
9,740,6,343,1,685,1,6761,0,000,-55,098,-55,098,743,137,743,137,0,000,0,000,0,000,0,000,0,000,0,000,4133,1,0,-1,074,-0,488
9,760,6,333,1,756,1,6975,0,000,-55,087,-55,087,732,657,732,657,0,000,0,000,0,000,0,000,0,000,0,000,4133,1,0,-1,093,-0,509
9,780,6,321,1,828,1,7189,0,000,-55,017,-55,017,722,145,722,145,0,000,0,000,0,000,0,000,0,000,0,000,4133,1,0,-1,110,-0,531
9,800,6,307,1,899,1,7403,0,000,-54,885,-54,885,711,601,711,601,0,000,0,000,0,000,0,000,0,000,0,000,4133,1,0,-1,125,-0,552
9,820,6,292,1,971,1,7617,0,000,-54,691,-54,691,701,025,701,025,0,000,0,000,0,000,0,000,0,000,0,000,4133,1,0,-1,139,-0,573
9,840,6,275,2,042,1,7830,0,000,-54,433,-54,433,690,417,690,417,0,000,0,000,0,000,0,000,0,000,0,000,4133,1,0,-1,150,-0,595
9,860,6,257,2,113,1,8043,0,000,-54,109,-54,109,679,777,679,777,0,000,0,000,0,000,0,000,0,000,0,000,4133,1,0,-1,159,-0,616
9,880,6,237,2,184,1,8256,0,000,-53,719,-53,719,669,105,669,105,0,000,0,000,0,000,0,000,0,000,0,000,4133,1,0,-1,166,-0,637
9,900,6,216,2,254,1,8468,0,000,-53,261,-53,261,658,401,658,401,0,000,0,000,0,000,0,000,0,000,0,000,4133,1,0,-1,170,-0,659
9,920,6,193,2,324,1,8679,0,000,-52,734,-52,734,647,665,647,665,0,000,0,000,0,000,0,000,0,000,0,000,4133,1,0,-1,171,-0,680
9,940,6,168,2,394,1,8889,0,000,-52,136,-52,136,636,897,636,897,0,000,0,000,0,000,0,000,0,000,0,000,4133,1,0,-1,169,-0,701
9,960,6,142,2,464,1,9098,0,000,-51,466,-51,466,626,097,626,097,0,000,0,000,0,000,0,000,0,000,0,000,4133,1,0,-1,165,-0,722
9,980,6,115,2,533,1,9305,0,000,-50,721,-50,721,615,265,615,265,0,000,0,000,0,000,0,000,0,000,0,000,4133,1,0,-1,158,-0,742
10,000,6,086,2,602,1,9511,0,000,-49,900,-49,900,604,401,604,401,0,000,0,000,0,000,0,000,0,000,0,000,4133,1,0,-1,148,-0,763
10,020,6,055,2,671,1,9715,0,000,-49,000,-49,000,593,505,593,505,0,000,0,000,0,000,0,000,0,000,0,000,4133,1,0,-1,135,-0,783
10,040,6,024,2,739,1,9917,0,000,-48,019,-48,019,582,577,582,577,0,000,0,000,0,000,0,000,0,000,0,000,4133,1,0,-1,118,-0,804
10,060,5,990,2,807,2,0117,0,000,-46,954,-46,954,571,617,571,617,0,000,0,000,0,000,0,000,0,000,0,000,4133,1,0,-1,099,-0,823
10,080,5,955,2,874,2,0313,0,000,-45,806,-45,806,560,625,560,625,0,000,0,000,0,000,0,000,0,000,0,000,4133,1,0,-1,077,-0,843
10,100,5,919,2,942,2,0508,0,000,-44,571,-44,571,549,601,549,601,0,000,0,000,0,000,0,000,0,000,0,000,4133,1,0,-1,053,-0,863
10,120,5,881,3,008,2,0699,0,000,-43,253,-43,253,538,545,538,545,0,000,0,000,0,000,0,000,0,000,0,000,4133,1,0,-1,025,-0,882
10,140,5,842,3,075,2,0887,0,000,-41,850,-41,850,527,457,527,457,0,000,0,000,0,000,0,000,0,000,0,000,4133,1,0,-0,995,-0,900
10,160,5,802,3,142,2,1070,0,000,-40,367,-40,367,516,337,516,337,0,000,0,000,0,000,0,000,0,000,0,000,4133,1,0,-0,963,-0,919
10,180,5,760,3,208,2,1250,0,000,-38,802,-38,802,505,185,505,185,0,000,0,000,0,000,0,000,0,000,0,000,4133,1,0,-0,929,-0,937
10,200,5,726,3,198,2,1144,0,000,-39,138,-39,138,494,001,494,001,0,000,0,000,0,000,0,000,0,000,0,000,4133,1,0,-0,944,-0,926
10,220,5,697,3,184,2,1060,0,000,-42,767,-42,767,488,800,488,800,0,000,0,000,0,000,0,000,0,000,0,000,4133,1,0,-1,061,-0,918
10,240,5,676,3,173,2,1006,0,000,-42,741,-42,741,489,600,489,600,0,000,0,000,0,000,0,000,0,000,0,000,4133,1,0,-1,062,-0,912
10,260,5,660,3,165,2,0959,0,000,-42,777,-42,777,490,400,490,400,0,000,0,000,0,000,0,000,0,000,0,000,4133,1,0,-1,065,-0,908
10,280,5,650,3,159,2,0931,0,000,-42,797,-42,797,503,231,503,231,0,000,0,000,0,000,0,000,0,000,0,000,4133,1,0,-1,066,-0,907
10,300,5,646,3,157,2,0920,0,000,-42,805,-42,805,516,095,516,095,0,000,0,000,0,000,0,000,0,000,0,000,4133,1,0,-1,067,-0,907
10,320,5,645,3,157,2,0918,0,000,-42,794,-42,794,528,991,528,991,0,000,0,000,0,000,0,000,0,000,0,000,4133,1,0,-1,067,-0,909
10,340,5,644,3,156,2,0914,0,000,-42,799,-42,799,541,919,541,919,0,000,0,000,0,000,0,000,0,000,0,000,4133,1,0,-1,067,-0,910
10,360,5,643,3,156,2,0913,0,000,-42,801,-42,801,554,879,554,879,0,000,0,000,0,000,0,000,0,000,0,000,4133,1,0,-1,067,-0,912
10,380,5,643,3,156,2,0911,0,000,-42,806,-42,806,567,871,567,871,0,000,0,000,0,000,0,000,0,000,0,000,4133,1,0,-1,067,-0,913
10,400,5,642,3,156,2,0909,0,000,-42,804,-42,804,580,895,580,895,0,000,0,000,0,000,0,000,0,000,0,000,4133,1,0,-1,067,-0,915
10,420,5,642,3,155,2,0908,0,000,-42,798,-42,798,593,951,593,951,0,000,0,000,0,000,0,000,0,000,0,000,4133,1,0,-1,067,-0,917
10,440,5,642,3,154,2,0907,0,000,-42,792,-42,792,607,039,607,039,0,000,0,000,0,000,0,000,0,000,0,000,4133,1,0,-1,067,-0,919
10,460,5,641,3,154,2,0906,0,000,-42,787,-42,787,620,159,620,159,0,000,0,000,0,000,0,000,0,000,0,000,4133,1,0,-1,067,-0,921
10,480,5,640,3,153,2,0903,0,000,-42,785,-42,785,633,311,633,311,0,000,0,000,0,000,0,000,0,000,0,000,4133,1,0,-1,067,-0,923
10,500,5,640,3,153,2,0902,0,000,-42,780,-42,780,646,495,646,495,0,000,0,000,0,000,0,000,0,000,0,000,4133,1,0,-1,066,-0,925
10,520,5,639,3,152,2,0900,0,000,-42,778,-42,778,659,711,659,711,0,000,0,000,0,000,0,000,0,000,0,000,4133,1,0,-1,066,-0,927
10,540,5,639,3,152,2,0898,0,000,-42,776,-42,776,672,959,672,959,0,000,0,000,0,000,0,000,0,000,0,000,4133,1,0,-1,066,-0,930
10,560,5,638,3,151,2,0897,0,000,-42,773,-42,773,686,239,686,239,0,000,0,000,0,000,0,000,0,000,0,000,4133,1,0,-1,066,-0,932
10,580,5,638,3,151,2,0895,0,000,-42,771,-42,771,699,551,699,551,0,000,0,000,0,000,0,000,0,000,0,000,4133,1,0,-1,066,-0,934
10,600,5,636,3,150,2,0892,0,000,-42,774,-42,774,712,895,712,895,0,000,0,000,0,000,0,000,0,000,0,000,4133,1,0,-1,066,-0,937
10,620,5,636,3,150,2,0891,0,000,-42,771,-42,771,726,271,726,271,0,000,0,000,0,000,0,000,0,000,0,000,4133,1,0,-1,066,-0,939
10,640,5,635,3,149,2,0888,0,000,-42,774,-42,774,739,679,739,679,0,000,0,000,0,000,0,000,0,000,0,000,4133,1,0,-1,066,-0,942
10,660,5,635,3,149,2,0887,0,000,-42,771,-42,771,753,119,753,119,0,000,0,000,0,000,0,000,0,000,0,000,4133,1,0,-1,066,-0,944
10,680,5,634,3,148,2,0884,0,000,-42,774,-42,774,766,591,766,591,0,000,0,000,0,000,0,000,0,000,0,000,4133,1,0,-1,066,-0,947
10,700,5,633,3,148,2,0882,0,000,-42,774,-42,774,780,095,780,095,0,000,0,000,0,000,0,000,0,000,0,000,4133,1,0,-1,067,-0,949
10,720,5,632,3,147,2,0879,0,000,-42,778,-42,778,793,631,793,631,0,000,0,000,0,000,0,000,0,000,0,000,4133,1,0,-1,067,-0,952
10,740,5,631,3,147,2,0876,0,000,-42,778,-42,778,807,199,807,199,0,000,0,000,0,000,0,000,0,000,0,000,4133,1,0,-1,067,-0,955
10,760,5,630,3,147,2,0876,0,000,-42,766,-42,766,820,799,820,799,0,000,0,000,0,000,0,000,0,000,0,000,4133,1,0,-1,067,-0,958
10,780,5,629,3,146,2,0873,0,000,-42,767,-42,767,834,431,834,431,0,000,0,000,0,000,0,000,0,000,0,000,4133,1,0,-1,067,-0,961
10,800,5,629,3,146,2,0871,0,000,-42,770,-42,770,848,095,848,095,0,000,0,000,0,000,0,000,0,000,0,000,4133,1,0,-1,067,-0,964
10,820,5,628,3,145,2,0868,0,000,-42,774,-42,774,861,791,861,791,0,000,0,000,0,000,0,000,0,000,0,000,4133,1,0,-1,067,-0,967
10,840,5,627,3,145,2,0865,0,000,-42,776,-42,776,875,519,875,519,0,000,0,000,0,000,0,000,0,000,0,000,4133,1,0,-1,067,-0,970
10,860,5,626,3,144,2,0862,0,000,-42,778,-42,778,889,279,889,279,0,000,0,000,0,000,0,000,0,000,0,000,4133,1,0,-1,067,-0,973
10,880,5,625,3,144,2,0859,0,000,-42,779,-42,779,903,071,903,071,0,000,0,000,0,000,0,000,0,000,0,000,4133,1,0,-1,068,-0,976
10,900,5,624,3,143,2,0857,0,000,-42,777,-42,777,916,895,916,895,0,000,0,000,0,000,0,000,0,000,0,000,4133,1,0,-1,068,-0,979
10,920,5,623,3,143,2,0854,0,000,-42,779,-42,779,930,751,930,751,0,000,0,000,0,000,0,000,0,000,0,000,4133,1,0,-1,068,-0,983
10,940,5,622,3,142,2,0851,0,000,-42,782,-42,782,944,639,944,639,0,000,0,000,0,000,0,000,0,000,0,000,4133,1,0,-1,068,-0,986
10,960,5,620,3,142,2,0848,0,000,-42,788,-42,788,958,559,958,559,0,000,0,000,0,000,0,000,0,000,0,000,4133,1,0,-1,068,-0,989
10,980,5,619,3,141,2,0844,0,000,-42,791,-42,791,972,511,972,511,0,000,0,000,0,000,0,000,0,000,0,000,4133,1,0,-1,068,-0,993
11,000,5,618,3,141,2,0841,0,000,-42,793,-42,793,986,495,986,495,0,000,0,000,0,000,0,000,0,000,0,000,4133,1,0,-1,069,-0,996
11,020,5,617,3,140,2,0838,0,000,-42,798,-42,798,1000,511,1000,511,0,000,0,000,0,000,0,000,0,000,0,000,4133,1,0,-1,069,-1,000
11,040,5,616,3,139,2,0834,0,000,-42,803,-42,803,1014,559,1014,559,0,000,0,000,0,000,0,000,0,000,0,000,4133,1,0,-1,069,-1,003
11,060,5,615,3,139,2,0831,0,000,-42,805,-42,805,1028,639,1028,639,0,000,0,000,0,000,0,000,0,000,0,000,4133,1,0,-1,069,-1,007
11,080,5,614,3,138,2,0827,0,000,-42,810,-42,810,1042,751,1042,751,0,000,0,000,0,000,0,000,0,000,0,000,4133,1,0,-1,070,-1,011
11,100,5,612,3,138,2,0823,0,000,-42,815,-42,815,1056,895,1056,895,0,000,0,000,0,000,0,000,0,000,0,000,4133,1,0,-1,070,-1,015
11,120,5,612,3,137,2,0822,0,000,-42,811,-42,811,1071,071,1071,071,0,000,0,000,0,000,0,000,0,000,0,000,4133,1,0,-1,070,-1,019
11,140,5,610,3,137,2,0819,0,000,-42,815,-42,815,1085,279,1085,279,0,000,0,000,0,000,0,000,0,000,0,000,4133,1,0,-1,070,-1,023
11,160,5,609,3,136,2,0815,0,000,-42,819,-42,819,1099,519,1099,519,0,000,0,000,0,000,0,000,0,000,0,000,4133,1,0,-1,071,-1,027
11,180,5,608,3,136,2,0812,0,000,-42,822,-42,822,1113,791,1113,791,0,000,0,000,0,000,0,000,0,000,0,000,4133,1,0,-1,071,-1,031
11,200,5,607,3,135,2,0809,0,000,-42,826,-42,826,1128,095,1128,095,0,000,0,000,0,000,0,000,0,000,0,000,4133,1,0,-1,071,-1,035
11,220,5,606,3,135,2,0805,0,000,-42,829,-42,829,1142,431,1142,431,0,000,0,000,0,000,0,000,0,000,0,000,4133,1,0,-1,071,-1,039
11,240,5,605,3,134,2,0801,0,000,-42,834,-42,834,1156,799,1156,799,0,000,0,000,0,000,0,000,0,000,0,000,4133,1,0,-1,072,-1,043
11,260,5,603,3,133,2,0797,0,000,-42,839,-42,839,1171,199,1171,199,0,000,0,000,0,000,0,000,0,000,0,000,4133,1,0,-1,072,-1,047
11,280,5,602,3,133,2,0793,0,000,-42,844,-42,844,1173,600,1173,600,0,000,0,000,0,000,0,000,0,000,0,000,4133,1,0,-1,072,-1,047
11,300,5,601,3,132,2,0789,0,000,-42,848,-42,848,1176,000,1176,000,0,000,0,000,0,000,0,000,0,000,0,000,4133,1,0,-1,072,-1,047
11,320,5,599,3,131,2,0786,0,000,-42,853,-42,853,1172,385,1172,385,0,000,0,000,0,000,0,000,0,000,0,000,4133,1,0,-1,073,-1,046
11,340,5,598,3,131,2,0782,0,000,-42,857,-42,857,1162,737,1162,737,0,000,0,000,0,000,0,000,0,000,0,000,4133,1,0,-1,073,-1,046
11,360,5,597,3,130,2,0778,0,000,-42,862,-42,862,1153,057,1153,057,0,000,0,000,0,000,0,000,0,000,0,000,4133,1,0,-1,073,-1,046
11,380,5,596,3,130,2,0775,0,000,-42,863,-42,863,1143,345,1143,345,0,000,0,000,0,000,0,000,0,000,0,000,4133,1,0,-1,073,-1,045
11,400,5,594,3,129,2,0771,0,000,-42,867,-42,867,1133,601,1133,601,0,000,0,000,0,000,0,000,0,000,0,000,4133,1,0,-1,074,-1,045
11,420,5,593,3,128,2,0768,0,000,-42,871,-42,871,1123,825,1123,825,0,000,0,000,0,000,0,000,0,000,0,000,4133,1,0,-1,074,-1,045
11,440,5,592,3,128,2,0764,0,000,-42,875,-42,875,1114,017,1114,017,0,000,0,000,0,000,0,000,0,000,0,000,4133,1,0,-1,074,-1,044
11,460,5,591,3,127,2,0760,0,000,-42,879,-42,879,1104,177,1104,177,0,000,0,000,0,000,0,000,0,000,0,000,4133,1,0,-1,075,-1,044
11,480,5,590,3,126,2,0757,0,000,-42,882,-42,882,1094,305,1094,305,0,000,0,000,0,000,0,000,0,000,0,000,4133,1,0,-1,075,-1,043
11,500,5,588,3,126,2,0753,0,000,-42,886,-42,886,1084,401,1084,401,0,000,0,000,0,000,0,000,0,000,0,000,4133,1,0,-1,075,-1,043
11,520,5,587,3,125,2,0749,0,000,-42,890,-42,890,1074,465,1074,465,0,000,0,000,0,000,0,000,0,000,0,000,4133,1,0,-1,075,-1,043
11,540,5,586,3,124,2,0746,0,000,-42,893,-42,893,1064,497,1064,497,0,000,0,000,0,000,0,000,0,000,0,000,4133,1,0,-1,076,-1,042
11,560,5,585,3,124,2,0742,0,000,-42,896,-42,896,1054,497,1054,497,0,000,0,000,0,000,0,000,0,000,0,000,4133,1,0,-1,076,-1,042
11,580,5,583,3,123,2,0739,0,000,-46,462,-46,462,1044,466,1044,466,0,000,0,000,0,000,0,000,0,000,0,000,4133,1,0,-1,200,-1,042
11,600,5,582,3,123,2,0735,0,000,-46,460,-46,460,1034,402,1034,402,0,000,0,000,0,000,0,000,0,000,0,000,4133,1,0,-1,200,-1,041
11,620,5,581,3,122,2,0732,0,000,-46,460,-46,460,1024,306,1024,306,0,000,0,000,0,000,0,000,0,000,0,000,4133,1,0,-1,200,-1,041
11,640,5,580,3,121,2,0729,0,000,-46,460,-46,460,1014,178,1014,178,0,000,0,000,0,000,0,000,0,000,0,000,4133,1,0,-1,200,-1,041
11,660,5,579,3,121,2,0726,0,000,-46,460,-46,460,1004,018,1004,018,0,000,0,000,0,000,0,000,0,000,0,000,4133,1,0,-1,200,-1,040
11,680,5,578,3,120,2,0723,0,000,-46,460,-46,460,993,826,993,826,0,000,0,000,0,000,0,000,0,000,0,000,4133,1,0,-1,200,-1,040
11,700,5,576,3,120,2,0720,0,000,-46,459,-46,459,983,602,983,602,0,000,0,000,0,000,0,000,0,000,0,000,4133,1,0,-1,201,-1,040
11,720,5,575,3,119,2,0716,0,000,-46,461,-46,461,973,346,973,346,0,000,0,000,0,000,0,000,0,000,0,000,4133,1,0,-1,201,-1,039
11,740,5,574,3,118,2,0713,0,000,-46,462,-46,462,963,058,963,058,0,000,0,000,0,000,0,000,0,000,0,000,4133,1,0,-1,201,-1,039
11,760,5,573,3,118,2,0712,0,000,-46,454,-46,454,952,738,952,738,0,000,0,000,0,000,0,000,0,000,0,000,4133,1,0,-1,201,-1,039
11,780,5,572,3,118,2,0710,0,000,-46,446,-46,446,942,386,942,386,0,000,0,000,0,000,0,000,0,000,0,000,4133,1,0,-1,201,-1,039
11,800,5,570,3,117,2,0706,0,000,-46,448,-46,448,932,002,932,002,0,000,0,000,0,000,0,000,0,000,0,000,4133,1,0,-1,201,-1,038
11,820,5,569,3,117,2,0704,0,000,-46,440,-46,440,921,586,921,586,0,000,0,000,0,000,0,000,0,000,0,000,4133,1,0,-1,201,-1,038
11,840,5,568,3,116,2,0701,0,000,-46,441,-46,441,911,139,911,139,0,000,0,000,0,000,0,000,0,000,0,000,4133,1,0,-1,201,-1,038
11,860,5,567,3,116,2,0698,0,000,-46,436,-46,436,900,659,900,659,0,000,0,000,0,000,0,000,0,000,0,000,4133,1,0,-1,201,-1,038
11,880,5,566,3,115,2,0696,0,000,-46,436,-46,436,890,147,890,147,0,000,0,000,0,000,0,000,0,000,0,000,4133,1,0,-1,201,-1,037
11,900,5,564,3,115,2,0693,0,000,-46,430,-46,430,879,603,879,603,0,000,0,000,0,000,0,000,0,000,0,000,4133,1,0,-1,201,-1,037
11,920,5,563,3,115,2,0692,0,000,-46,422,-46,422,869,027,869,027,0,000,0,000,0,000,0,000,0,000,0,000,4133,1,0,-1,201,-1,037
11,940,5,562,3,114,2,0690,0,000,-46,409,-46,409,858,419,858,419,0,000,0,000,0,000,0,000,0,000,0,000,4133,1,0,-1,200,-1,037
11,960,5,561,3,114,2,0690,0,000,-46,395,-46,395,847,779,847,779,0,000,0,000,0,000,0,000,0,000,0,000,4133,1,0,-1,200,-1,037
11,980,5,559,3,114,2,0686,0,000,-46,397,-46,397,837,107,837,107,0,000,0,000,0,000,0,000,0,000,0,000,4133,1,0,-1,200,-1,036
12,000,5,559,3,113,2,0684,0,000,-46,396,-46,396,826,403,826,403,0,000,0,000,0,000,0,000,0,000,0,000,4133,1,0,-1,200,-1,036
12,020,5,557,3,113,2,0681,0,000,-46,394,-46,394,815,667,815,667,0,000,0,000,0,000,0,000,0,000,0,000,4133,1,0,-1,200,-1,036
12,040,5,557,3,113,2,0680,0,000,-46,384,-46,384,804,899,804,899,0,000,0,000,0,000,0,000,0,000,0,000,4133,1,0,-1,200,-1,036
12,060,5,555,3,113,2,0679,0,000,-46,376,-46,376,794,099,794,099,0,000,0,000,0,000,0,000,0,000,0,000,4133,1,0,-1,200,-1,036
12,080,5,555,3,112,2,0678,0,000,-46,363,-46,363,783,267,783,267,0,000,0,000,0,000,0,000,0,000,0,000,4133,1,0,-1,199,-1,036
12,100,5,553,3,112,2,0677,0,000,-46,354,-46,354,772,403,772,403,0,000,0,000,0,000,0,000,0,000,0,000,4133,1,0,-1,199,-1,035
12,120,5,552,3,112,2,0674,0,000,-46,354,-46,354,761,507,761,507,0,000,0,000,0,000,0,000,0,000,0,000,4133,1,0,-1,199,-1,035
12,140,5,551,3,112,2,0673,0,000,-46,346,-46,346,750,579,750,579,0,000,0,000,0,000,0,000,0,000,0,000,4133,1,0,-1,199,-1,035
12,160,5,550,3,111,2,0670,0,000,-46,346,-46,346,739,619,739,619,0,000,0,000,0,000,0,000,0,000,0,000,4133,1,0,-1,199,-1,035
12,180,5,550,3,111,2,0668,0,000,-46,347,-46,347,728,627,728,627,0,000,0,000,0,000,0,000,0,000,0,000,4133,1,0,-1,199,-1,035
12,200,5,548,3,110,2,0665,0,000,-46,349,-46,349,717,604,717,604,0,000,0,000,0,000,0,000,0,000,0,000,4133,1,0,-1,200,-1,034
12,220,5,548,3,110,2,0664,0,000,-46,339,-46,339,706,548,706,548,0,000,0,000,0,000,0,000,0,000,0,000,4133,1,0,-1,199,-1,034
12,240,5,547,3,110,2,0662,0,000,-46,338,-46,338,695,460,695,460,0,000,0,000,0,000,0,000,0,000,0,000,4133,1,0,-1,199,-1,034
12,260,5,546,3,109,2,0660,0,000,-46,334,-46,334,684,340,684,340,0,000,0,000,0,000,0,000,0,000,0,000,4133,1,0,-1,199,-1,034
12,280,5,545,3,109,2,0659,0,000,-46,333,-46,333,673,188,673,188,0,000,0,000,0,000,0,000,0,000,0,000,4133,1,0,-1,199,-1,034
12,300,5,544,3,109,2,0657,0,000,-46,327,-46,327,662,004,662,004,0,000,0,000,0,000,0,000,0,000,0,000,4133,1,0,-1,199,-1,033
12,320,5,543,3,109,2,0655,0,000,-46,326,-46,326,656,800,656,800,0,000,0,000,0,000,0,000,0,000,0,000,4133,1,0,-1,199,-1,033
12,340,5,542,3,108,2,0652,0,000,-46,328,-46,328,657,600,657,600,0,000,0,000,0,000,0,000,0,000,0,000,4133,1,0,-1,200,-1,033
12,360,5,541,3,108,2,0652,0,000,-46,318,-46,318,658,400,658,400,0,000,0,000,0,000,0,000,0,000,0,000,4133,1,0,-1,199,-1,033
12,380,5,541,3,108,2,0650,0,000,-46,318,-46,318,659,200,659,200,0,000,0,000,0,000,0,000,0,000,0,000,4133,1,0,-1,199,-1,033
12,400,5,540,3,107,2,0648,0,000,-46,315,-46,315,660,000,660,000,0,000,0,000,0,000,0,000,0,000,0,000,4133,1,0,-1,199,-1,033
12,420,5,539,3,107,2,0646,0,000,-46,314,-46,314,660,800,660,800,0,000,0,000,0,000,0,000,0,000,0,000,4133,1,0,-1,199,-1,032
12,440,5,538,3,107,2,0645,0,000,-46,306,-46,306,661,600,661,600,0,000,0,000,0,000,0,000,0,000,0,000,4133,1,0,-1,199,-1,032
12,460,5,538,3,107,2,0644,0,000,-46,306,-46,306,662,400,662,400,0,000,0,000,0,000,0,000,0,000,0,000,4133,1,0,-1,199,-1,032
12,480,5,537,3,106,2,0641,0,000,-46,305,-46,305,663,200,663,200,0,000,0,000,0,000,0,000,0,000,0,000,4133,1,0,-1,199,-1,032
12,500,5,536,3,106,2,0639,0,000,-46,306,-46,306,664,000,664,000,0,000,0,000,0,000,0,000,0,000,0,000,4133,1,0,-1,200,-1,032
12,520,5,535,3,105,2,0637,0,000,-46,306,-46,306,664,800,664,800,0,000,0,000,0,000,0,000,0,000,0,000,4133,1,0,-1,200,-1,031
12,540,5,534,3,105,2,0637,0,000,-46,298,-46,298,665,600,665,600,0,000,0,000,0,000,0,000,0,000,0,000,4133,1,0,-1,199,-1,031
12,560,5,534,3,105,2,0635,0,000,-46,299,-46,299,666,400,666,400,0,000,0,000,0,000,0,000,0,000,0,000,4133,1,0,-1,200,-1,031
12,580,5,533,3,105,2,0632,0,000,-46,301,-46,301,667,200,667,200,0,000,0,000,0,000,0,000,0,000,0,000,4133,1,0,-1,200,-1,031
12,600,5,532,3,104,2,0630,0,000,-46,303,-46,303,668,000,668,000,0,000,0,000,0,000,0,000,0,000,0,000,4133,1,0,-1,200,-1,031
12,620,5,531,3,104,2,0629,0,000,-46,295,-46,295,668,800,668,800,0,000,0,000,0,000,0,000,0,000,0,000,4133,1,0,-1,200,-1,031
12,640,5,530,3,104,2,0627,0,000,-46,288,-46,288,669,600,669,600,0,000,0,000,0,000,0,000,0,000,0,000,4133,1,0,-1,200,-1,030
12,660,5,529,3,103,2,0625,0,000,-46,289,-46,289,670,400,670,400,0,000,0,000,0,000,0,000,0,000,0,000,4133,1,0,-1,200,-1,030
12,680,5,529,3,103,2,0624,0,000,-46,284,-46,284,671,200,671,200,0,000,0,000,0,000,0,000,0,000,0,000,4133,1,0,-1,200,-1,030
12,700,5,528,3,103,2,0622,0,000,-46,284,-46,284,672,000,672,000,0,000,0,000,0,000,0,000,0,000,0,000,4133,1,0,-1,200,-1,030
12,720,5,527,3,103,2,0619,0,000,-46,286,-46,286,672,800,672,800,0,000,0,000,0,000,0,000,0,000,0,000,4133,1,0,-1,200,-1,030
12,740,5,526,3,102,2,0618,0,000,-46,287,-46,287,673,600,673,600,0,000,0,000,0,000,0,000,0,000,0,000,4133,1,0,-1,200,-1,030
12,760,5,526,3,102,2,0616,0,000,-46,285,-46,285,674,401,674,401,0,000,0,000,0,000,0,000,0,000,0,000,4133,1,0,-1,200,-1,029
12,780,5,525,3,102,2,0614,0,000,-46,287,-46,287,675,200,675,200,0,000,0,000,0,000,0,000,0,000,0,000,4133,1,0,-1,200,-1,029
12,800,5,524,3,102,2,0614,0,000,-46,277,-46,277,676,001,676,001,0,000,0,000,0,000,0,000,0,000,0,000,4133,1,0,-1,200,-1,029
12,820,5,523,3,101,2,0611,0,000,-46,279,-46,279,676,801,676,801,0,000,0,000,0,000,0,000,0,000,0,000,4133,1,0,-1,200,-1,029
12,840,5,522,3,101,2,0611,0,000,-46,270,-46,270,677,601,677,601,0,000,0,000,0,000,0,000,0,000,0,000,4133,1,0,-1,200,-1,029
12,860,5,522,3,101,2,0609,0,000,-46,271,-46,271,678,401,678,401,0,000,0,000,0,000,0,000,0,000,0,000,4133,1,0,-1,200,-1,029
12,880,5,521,3,100,2,0605,0,000,-46,274,-46,274,679,201,679,201,0,000,0,000,0,000,0,000,0,000,0,000,4133,1,0,-1,200,-1,028
12,900,5,520,3,100,2,0605,0,000,-46,263,-46,263,680,001,680,001,0,000,0,000,0,000,0,000,0,000,0,000,4133,1,0,-1,200,-1,028
12,920,5,519,3,100,2,0604,0,000,-46,264,-46,264,680,801,680,801,0,000,0,000,0,000,0,000,0,000,0,000,4133,1,0,-1,200,-1,028
12,940,5,518,3,099,2,0601,0,000,-46,266,-46,266,681,601,681,601,0,000,0,000,0,000,0,000,0,000,0,000,4133,1,0,-1,200,-1,028
12,960,5,518,3,099,2,0599,0,000,-46,267,-46,267,682,401,682,401,0,000,0,000,0,000,0,000,0,000,0,000,4133,1,0,-1,200,-1,028
12,980,5,516,3,099,2,0596,0,000,-46,266,-46,266,683,201,683,201,0,000,0,000,0,000,0,000,0,000,0,000,4133,1,0,-1,200,-1,027
13,000,5,516,3,099,2,0596,0,000,-46,254,-46,254,684,001,684,001,0,000,0,000,0,000,0,000,0,000,0,000,4133,1,0,-1,200,-1,027
13,020,5,515,3,099,2,0597,0,000,-46,242,-46,242,684,801,684,801,0,000,0,000,0,000,0,000,0,000,0,000,4133,1,0,-1,200,-1,027
13,040,5,514,3,098,2,0594,0,000,-46,244,-46,244,685,601,685,601,0,000,0,000,0,000,0,000,0,000,0,000,4133,1,0,-1,200,-1,027
13,060,5,513,3,098,2,0593,0,000,-46,236,-46,236,686,401,686,401,0,000,0,000,0,000,0,000,0,000,0,000,4133,1,0,-1,200,-1,027
13,080,5,512,3,098,2,0591,0,000,-46,238,-46,238,687,201,687,201,0,000,0,000,0,000,0,000,0,000,0,000,4133,1,0,-1,200,-1,027
13,100,5,512,3,098,2,0589,0,000,-46,239,-46,239,688,001,688,001,0,000,0,000,0,000,0,000,0,000,0,000,4133,1,0,-1,200,-1,027
13,120,5,511,3,097,2,0586,0,000,-46,241,-46,241,688,801,688,801,0,000,0,000,0,000,0,000,0,000,0,000,4133,1,0,-1,200,-1,026
13,140,5,510,3,097,2,0585,0,000,-46,239,-46,239,689,601,689,601,0,000,0,000,0,000,0,000,0,000,0,000,4133,1,0,-1,200,-1,026
13,160,5,509,3,096,2,0581,0,000,-46,242,-46,242,690,401,690,401,0,000,0,000,0,000,0,000,0,000,0,000,4133,1,0,-1,200,-1,026
13,180,5,508,3,096,2,0580,0,000,-46,242,-46,242,691,201,691,201,0,000,0,000,0,000,0,000,0,000,0,000,4133,1,0,-1,201,-1,026
13,200,5,508,3,096,2,0578,0,000,-46,243,-46,243,692,001,692,001,0,000,0,000,0,000,0,000,0,000,0,000,4133,1,0,-1,201,-1,026
13,220,5,507,3,096,2,0577,0,000,-46,240,-46,240,692,801,692,801,0,000,0,000,0,000,0,000,0,000,0,000,4133,1,0,-1,201,-1,025
13,240,5,506,3,095,2,0574,0,000,-46,241,-46,241,693,601,693,601,0,000,0,000,0,000,0,000,0,000,0,000,4133,1,0,-1,201,-1,025
13,260,5,505,3,095,2,0572,0,000,-46,241,-46,241,694,401,694,401,0,000,0,000,0,000,0,000,0,000,0,000,4133,1,0,-1,201,-1,025
13,280,5,505,3,095,2,0571,0,000,-46,242,-46,242,695,201,695,201,0,000,0,000,0,000,0,000,0,000,0,000,4133,1,0,-1,201,-1,025
13,300,5,504,3,094,2,0568,0,000,-46,245,-46,245,696,001,696,001,0,000,0,000,0,000,0,000,0,000,0,000,4133,1,0,-1,201,-1,025
13,320,5,503,3,094,2,0566,0,000,-46,246,-46,246,696,801,696,801,0,000,0,000,0,000,0,000,0,000,0,000,4133,1,0,-1,201,-1,024
13,340,5,502,3,093,2,0564,0,000,-46,247,-46,247,697,601,697,601,0,000,0,000,0,000,0,000,0,000,0,000,4133,1,0,-1,201,-1,024
13,360,5,501,3,093,2,0561,0,000,-46,247,-46,247,698,401,698,401,0,000,0,000,0,000,0,000,0,000,0,000,4133,1,0,-1,202,-1,024
13,380,5,501,3,093,2,0560,0,000,-46,247,-46,247,699,201,699,201,0,000,0,000,0,000,0,000,0,000,0,000,4133,1,0,-1,202,-1,024
13,400,5,500,3,092,2,0557,0,000,-46,250,-46,250,700,001,700,001,0,000,0,000,0,000,0,000,0,000,0,000,4133,1,0,-1,202,-1,023
13,420,5,499,3,092,2,0556,0,000,-46,245,-46,245,703,806,703,806,0,000,0,000,0,000,0,000,0,000,0,000,4133,1,0,-1,202,-1,026
13,440,5,498,3,092,2,0554,0,000,-46,238,-46,238,710,630,710,630,0,000,0,000,0,000,0,000,0,000,0,000,4133,1,0,-1,202,-1,030
13,460,5,497,3,092,2,0553,0,000,-46,239,-46,239,717,469,717,469,0,000,0,000,0,000,0,000,0,000,0,000,4133,1,0,-1,202,-1,034
13,480,5,497,3,091,2,0552,0,000,-46,234,-46,234,724,325,724,325,0,000,0,000,0,000,0,000,0,000,0,000,4133,1,0,-1,202,-1,038
13,500,5,496,3,091,2,0549,0,000,-46,236,-46,236,731,197,731,197,0,000,0,000,0,000,0,000,0,000,0,000,4133,1,0,-1,202,-1,042
13,520,5,495,3,091,2,0547,0,000,-46,238,-46,238,738,085,738,085,0,000,0,000,0,000,0,000,0,000,0,000,4133,1,0,-1,202,-1,047
13,540,5,494,3,090,2,0544,0,000,-46,241,-46,241,744,989,744,989,0,000,0,000,0,000,0,000,0,000,0,000,4133,1,0,-1,202,-1,051
13,560,5,493,3,090,2,0542,0,000,-46,242,-46,242,751,909,751,909,0,000,0,000,0,000,0,000,0,000,0,000,4133,1,0,-1,202,-1,056
13,580,5,492,3,089,2,0539,0,000,-46,244,-46,244,758,845,758,845,0,000,0,000,0,000,0,000,0,000,0,000,4133,1,0,-1,203,-1,060
13,600,5,491,3,089,2,0538,0,000,-46,236,-46,236,765,797,765,797,0,000,0,000,0,000,0,000,0,000,0,000,4133,1,0,-1,202,-1,065
13,620,5,491,3,089,2,0537,0,000,-46,236,-46,236,772,765,772,765,0,000,0,000,0,000,0,000,0,000,0,000,4133,1,0,-1,203,-1,070
13,640,5,490,3,088,2,0533,0,000,-46,240,-46,240,779,749,779,749,0,000,0,000,0,000,0,000,0,000,0,000,4133,1,0,-1,203,-1,075
13,660,5,489,3,088,2,0531,0,000,-46,242,-46,242,786,749,786,749,0,000,0,000,0,000,0,000,0,000,0,000,4133,1,0,-1,203,-1,080
13,680,5,488,3,088,2,0528,0,000,-46,242,-46,242,793,765,793,765,0,000,0,000,0,000,0,000,0,000,0,000,4133,1,0,-1,203,-1,085
13,700,5,487,3,088,2,0528,0,000,-46,233,-46,233,800,797,800,797,0,000,0,000,0,000,0,000,0,000,0,000,4133,1,0,-1,203,-1,090
13,720,5,486,3,087,2,0526,0,000,-46,229,-46,229,807,845,807,845,0,000,0,000,0,000,0,000,0,000,0,000,4133,1,0,-1,203,-1,096
13,740,5,485,3,087,2,0525,0,000,-46,221,-46,221,814,909,814,909,0,000,0,000,0,000,0,000,0,000,0,000,4133,1,0,-1,203,-1,101
13,760,5,484,3,087,2,0523,0,000,-46,216,-46,216,821,989,821,989,0,000,0,000,0,000,0,000,0,000,0,000,4133,1,0,-1,203,-1,106
13,780,5,483,3,087,2,0522,0,000,-46,209,-46,209,829,085,829,085,0,000,0,000,0,000,0,000,0,000,0,000,4133,1,0,-1,203,-1,112
13,800,5,482,3,086,2,0520,0,000,-46,204,-46,204,836,197,836,197,0,000,0,000,0,000,0,000,0,000,0,000,4133,1,0,-1,202,-1,118
13,820,5,481,3,086,2,0517,0,000,-46,206,-46,206,843,325,843,325,0,000,0,000,0,000,0,000,0,000,0,000,4133,1,0,-1,203,-1,123
13,840,5,480,3,086,2,0516,0,000,-46,204,-46,204,850,469,850,469,0,000,0,000,0,000,0,000,0,000,0,000,4133,1,0,-1,203,-1,129
13,860,5,479,3,085,2,0513,0,000,-46,206,-46,206,857,629,857,629,0,000,0,000,0,000,0,000,0,000,0,000,4133,1,0,-1,203,-1,135
13,880,5,478,3,085,2,0509,0,000,-46,211,-46,211,864,804,864,804,0,000,0,000,0,000,0,000,0,000,0,000,4133,1,0,-1,203,-1,141
13,900,5,477,3,084,2,0507,0,000,-46,212,-46,212,871,996,871,996,0,000,0,000,0,000,0,000,0,000,0,000,4133,1,0,-1,203,-1,147
13,920,5,476,3,084,2,0504,0,000,-46,215,-46,215,879,204,879,204,0,000,0,000,0,000,0,000,0,000,0,000,4133,1,0,-1,204,-1,153
13,940,5,475,3,083,2,0501,0,000,-46,214,-46,214,886,428,886,428,0,000,0,000,0,000,0,000,0,000,0,000,4133,1,0,-1,204,-1,159
13,960,5,474,3,083,2,0498,0,000,-46,217,-46,217,893,668,893,668,0,000,0,000,0,000,0,000,0,000,0,000,4133,1,0,-1,204,-1,165
13,980,5,473,3,082,2,0495,0,000,-46,221,-46,221,900,924,900,924,0,000,0,000,0,000,0,000,0,000,0,000,4133,1,0,-1,204,-1,171
14,000,5,472,3,082,2,0492,0,000,-46,222,-46,222,908,196,908,196,0,000,0,000,0,000,0,000,0,000,0,000,4133,1,0,-1,204,-1,178
14,020,5,471,3,081,2,0489,0,000,-46,226,-46,226,915,484,915,484,0,000,0,000,0,000,0,000,0,000,0,000,4133,1,0,-1,205,-1,184
14,040,5,470,3,081,2,0486,0,000,-46,230,-46,230,922,788,922,788,0,000,0,000,0,000,0,000,0,000,0,000,4133,1,0,-1,205,-1,190
14,060,5,469,3,080,2,0483,0,000,-46,232,-46,232,930,108,930,108,0,000,0,000,0,000,0,000,0,000,0,000,4133,1,0,-1,205,-1,197
14,080,5,467,3,080,2,0479,0,000,-46,237,-46,237,937,444,937,444,0,000,0,000,0,000,0,000,0,000,0,000,4133,1,0,-1,206,-1,204
14,100,5,466,3,079,2,0476,0,000,-46,236,-46,236,944,796,944,796,0,000,0,000,0,000,0,000,0,000,0,000,4133,1,0,-1,206,-1,210
14,120,5,465,3,079,2,0474,0,000,-46,235,-46,235,952,164,952,164,0,000,0,000,0,000,0,000,0,000,0,000,4133,1,0,-1,206,-1,217
14,140,5,464,3,078,2,0471,0,000,-46,237,-46,237,959,548,959,548,0,000,0,000,0,000,0,000,0,000,0,000,4133,1,0,-1,206,-1,224
14,160,5,463,3,078,2,0467,0,000,-46,240,-46,240,966,948,966,948,0,000,0,000,0,000,0,000,0,000,0,000,4133,1,0,-1,206,-1,231
14,180,5,462,3,077,2,0464,0,000,-46,244,-46,244,974,364,974,364,0,000,0,000,0,000,0,000,0,000,0,000,4133,1,0,-1,207,-1,238
14,200,5,461,3,077,2,0461,0,000,-46,243,-46,243,981,796,981,796,0,000,0,000,0,000,0,000,0,000,0,000,4133,1,0,-1,207,-1,245
14,220,5,460,3,077,2,0459,0,000,-46,245,-46,245,989,244,989,244,0,000,0,000,0,000,0,000,0,000,0,000,4133,1,0,-1,207,-1,253
14,240,5,459,3,076,2,0455,0,000,-46,248,-46,248,996,708,996,708,0,000,0,000,0,000,0,000,0,000,0,000,4133,1,0,-1,207,-1,260
14,260,5,457,3,075,2,0452,0,000,-46,252,-46,252,1004,188,1004,188,0,000,0,000,0,000,0,000,0,000,0,000,4133,1,0,-1,207,-1,267
14,280,5,456,3,075,2,0449,0,000,-46,252,-46,252,1011,684,1011,684,0,000,0,000,0,000,0,000,0,000,0,000,4133,1,0,-1,208,-1,275
14,300,5,455,3,074,2,0446,0,000,-46,254,-46,254,1019,195,1019,195,0,000,0,000,0,000,0,000,0,000,0,000,4133,1,0,-1,208,-1,283
14,320,5,454,3,074,2,0442,0,000,-46,258,-46,258,1026,724,1026,724,0,000,0,000,0,000,0,000,0,000,0,000,4133,1,0,-1,208,-1,290
14,340,5,453,3,073,2,0438,0,000,-46,262,-46,262,1034,267,1034,267,0,000,0,000,0,000,0,000,0,000,0,000,4133,1,0,-1,208,-1,298
14,360,5,451,3,073,2,0434,0,000,-46,267,-46,267,1041,827,1041,827,0,000,0,000,0,000,0,000,0,000,0,000,4133,1,0,-1,209,-1,306
14,380,5,450,3,072,2,0431,0,000,-46,267,-46,267,1049,403,1049,403,0,000,0,000,0,000,0,000,0,000,0,000,4133,1,0,-1,209,-1,314
14,400,5,449,3,072,2,0429,0,000,-46,266,-46,266,1056,995,1056,995,0,000,0,000,0,000,0,000,0,000,0,000,4133,1,0,-1,209,-1,322
14,420,5,448,3,071,2,0425,0,000,-46,270,-46,270,1061,600,1061,600,0,000,0,000,0,000,0,000,0,000,0,000,4133,1,0,-1,209,-1,325
14,440,5,446,3,071,2,0422,0,000,-46,273,-46,273,1063,200,1063,200,0,000,0,000,0,000,0,000,0,000,0,000,4133,1,0,-1,210,-1,325
14,460,5,445,3,070,2,0418,0,000,-46,277,-46,277,1064,800,1064,800,0,000,0,000,0,000,0,000,0,000,0,000,4133,1,0,-1,210,-1,325
14,480,5,444,3,069,2,0414,0,000,-46,281,-46,281,1072,411,1072,411,0,000,0,000,0,000,0,000,0,000,0,000,4133,1,0,-1,210,-1,333
14,500,5,443,3,069,2,0411,0,000,-46,284,-46,284,1080,043,1080,043,0,000,0,000,0,000,0,000,0,000,0,000,4133,1,0,-1,211,-1,341
14,520,5,441,3,068,2,0407,0,000,-46,288,-46,288,1087,691,1087,691,0,000,0,000,0,000,0,000,0,000,0,000,4133,1,0,-1,211,-1,349
14,540,5,440,3,068,2,0403,0,000,-46,292,-46,292,1095,355,1095,355,0,000,0,000,0,000,0,000,0,000,0,000,4133,1,0,-1,211,-1,358
14,560,5,439,3,067,2,0400,0,000,-46,296,-46,296,1103,035,1103,035,0,000,0,000,0,000,0,000,0,000,0,000,4133,1,0,-1,212,-1,366
14,580,5,437,3,067,2,0396,0,000,-46,300,-46,300,1110,731,1110,731,0,000,0,000,0,000,0,000,0,000,0,000,4133,1,0,-1,212,-1,375
14,600,5,436,3,066,2,0393,0,000,-46,300,-46,300,1118,443,1118,443,0,000,0,000,0,000,0,000,0,000,0,000,4133,1,0,-1,212,-1,383
14,620,5,435,3,066,2,0390,0,000,-46,303,-46,303,1126,171,1126,171,0,000,0,000,0,000,0,000,0,000,0,000,4133,1,0,-1,212,-1,392
14,640,5,434,3,065,2,0386,0,000,-46,308,-46,308,1133,915,1133,915,0,000,0,000,0,000,0,000,0,000,0,000,4133,1,0,-1,213,-1,401
14,660,5,433,3,064,2,0382,0,000,-46,312,-46,312,1141,675,1141,675,0,000,0,000,0,000,0,000,0,000,0,000,4133,1,0,-1,213,-1,409
14,680,5,431,3,064,2,0378,0,000,-46,316,-46,316,1149,451,1149,451,0,000,0,000,0,000,0,000,0,000,0,000,4133,1,0,-1,213,-1,418
14,700,5,430,3,063,2,0374,0,000,-46,320,-46,320,1157,243,1157,243,0,000,0,000,0,000,0,000,0,000,0,000,4133,1,0,-1,214,-1,427
14,720,5,429,3,063,2,0371,0,000,-46,323,-46,323,1165,051,1165,051,0,000,0,000,0,000,0,000,0,000,0,000,4133,1,0,-1,214,-1,436
14,740,5,427,3,062,2,0367,0,000,-46,327,-46,327,1172,875,1172,875,0,000,0,000,0,000,0,000,0,000,0,000,4133,1,0,-1,214,-1,446
14,760,5,426,3,061,2,0364,0,000,-46,331,-46,331,1180,714,1180,714,0,000,0,000,0,000,0,000,0,000,0,000,4133,1,0,-1,215,-1,455
